position_id,truck_code,recorded_at,speed_kph,fuel_percentage,lat,lon
CF_POS_00001,TRUCK_047,2025-10-20T17:03:07Z,70,39,-38.171094582143226,-63.23603466949757
CF_POS_00002,TRUCK_019,2025-10-20T16:53:07Z,109,57,-38.312636878301795,-60.597085267736084
CF_POS_00003,TRUCK_032,2025-10-21T00:57:07Z,12,16,-36.110349143560384,-67.15261133440515
CF_POS_00004,TRUCK_003,2025-10-17T17:05:07Z,112,89,-38.67144614691387,-60.912447352299
CF_POS_00005,TRUCK_003,2025-10-16T17:06:07Z,1,66,-29.09843983219148,-68.66349430395819
CF_POS_00006,TRUCK_014,2025-10-21T09:19:07Z,44,19,-33.41320256834021,-66.23880718258728
CF_POS_00007,TRUCK_003,2025-10-15T21:28:07Z,75,78,-32.52822901095696,-67.30095985542975
CF_POS_00008,TRUCK_024,2025-10-19T08:02:07Z,63,52,-35.25145536237909,-68.31921222063508
CF_POS_00009,TRUCK_007,2025-10-19T22:33:07Z,30,78,-36.60049558986802,-61.64220067770761
CF_POS_00010,TRUCK_024,2025-10-15T12:42:07Z,117,22,-36.41878223101748,-61.96891859551323
CF_POS_00011,TRUCK_042,2025-10-15T02:43:07Z,0,79,-29.466002826652982,-68.65598077599441
CF_POS_00012,TRUCK_013,2025-10-21T04:32:07Z,18,21,-35.79263801797298,-64.16309080990303
CF_POS_00013,TRUCK_009,2025-10-18T23:10:07Z,117,67,-29.124299348609906,-64.60896001771889
CF_POS_00014,TRUCK_018,2025-10-13T14:31:07Z,22,97,-34.497089813879384,-62.40689477121488
CF_POS_00015,TRUCK_002,2025-10-20T10:43:07Z,30,71,-38.001587234884596,-65.54600048715581
CF_POS_00016,TRUCK_030,2025-10-18T09:21:07Z,55,28,-36.95391510907068,-60.50536120800065
CF_POS_00017,TRUCK_047,2025-10-21T10:27:07Z,79,79,-36.50053894503705,-59.36260193630879
CF_POS_00018,TRUCK_039,2025-10-18T05:59:07Z,120,72,-32.47015559113799,-63.5076283932067
CF_POS_00019,TRUCK_001,2025-10-13T17:20:07Z,85,40,-34.55750980536337,-64.09319158455314
CF_POS_00020,TRUCK_002,2025-10-18T03:31:07Z,30,91,-33.77349521276,-61.86725896722284
CF_POS_00021,TRUCK_004,2025-10-13T14:08:07Z,114,69,-32.51804433081103,-62.71606387418588
CF_POS_00022,TRUCK_047,2025-10-13T20:05:07Z,23,43,-29.333837886546295,-59.14838796646302
CF_POS_00023,TRUCK_033,2025-10-19T05:59:07Z,51,67,-37.20560282507083,-61.18128165974905
CF_POS_00024,TRUCK_007,2025-10-18T21:35:07Z,114,76,-29.750198144431327,-63.234666156701174
CF_POS_00025,TRUCK_030,2025-10-21T01:46:07Z,33,12,-29.36100665437631,-68.3847136181203
CF_POS_00026,TRUCK_030,2025-10-18T21:34:07Z,55,40,-35.75054074466387,-66.20433707601329
CF_POS_00027,TRUCK_018,2025-10-20T17:17:07Z,24,77,-37.30965111608789,-64.14237728228828
CF_POS_00028,TRUCK_001,2025-10-20T12:40:07Z,33,26,-34.62547439191843,-64.4483422355512
CF_POS_00029,TRUCK_017,2025-10-16T01:40:07Z,58,45,-30.361514075334583,-66.68824205812392
CF_POS_00030,TRUCK_008,2025-10-20T03:25:07Z,75,91,-33.85062806473217,-64.83922088462592
CF_POS_00031,TRUCK_003,2025-10-18T05:16:07Z,23,79,-35.93721428450448,-59.01162949757674
CF_POS_00032,TRUCK_047,2025-10-17T07:20:07Z,53,62,-31.411455779556768,-60.340642962120334
CF_POS_00033,TRUCK_005,2025-10-13T16:34:07Z,30,17,-35.6668122046552,-60.53958527504872
CF_POS_00034,TRUCK_030,2025-10-16T01:55:07Z,89,60,-30.621052136760028,-64.98727829477909
CF_POS_00035,TRUCK_014,2025-10-17T12:51:07Z,81,88,-29.362610978130494,-61.11622856834103
CF_POS_00036,TRUCK_034,2025-10-14T21:05:07Z,8,26,-30.870866802487427,-60.71120302205345
CF_POS_00037,TRUCK_005,2025-10-14T00:50:07Z,44,37,-36.17833061998725,-63.4218865122338
CF_POS_00038,TRUCK_028,2025-10-17T15:23:07Z,58,48,-38.68153795631356,-60.237914091250985
CF_POS_00039,TRUCK_041,2025-10-19T08:09:07Z,111,97,-35.31957111619322,-64.57283812045695
CF_POS_00040,TRUCK_033,2025-10-16T12:04:07Z,43,63,-31.73904852483525,-60.79755129620095
CF_POS_00041,TRUCK_001,2025-10-16T16:46:07Z,90,66,-32.829656023072616,-68.83494039109613
CF_POS_00042,TRUCK_037,2025-10-14T21:04:07Z,119,33,-36.66218449836129,-66.84408863863428
CF_POS_00043,TRUCK_020,2025-10-17T21:26:07Z,65,72,-29.07095687855813,-62.85370526789533
CF_POS_00044,TRUCK_025,2025-10-13T23:55:07Z,85,68,-36.788652468466225,-59.2808702633766
CF_POS_00045,TRUCK_018,2025-10-21T08:06:07Z,93,33,-34.13583762996235,-62.93005074386293
CF_POS_00046,TRUCK_017,2025-10-19T21:39:07Z,62,30,-36.89562051584579,-61.69265556200081
CF_POS_00047,TRUCK_035,2025-10-20T07:17:07Z,43,92,-35.94460007526377,-68.11694975298839
CF_POS_00048,TRUCK_040,2025-10-19T01:50:07Z,62,35,-35.886950292516026,-66.83234934790805
CF_POS_00049,TRUCK_003,2025-10-13T17:39:07Z,1,78,-38.30400044257054,-63.646699049127115
CF_POS_00050,TRUCK_023,2025-10-17T05:26:07Z,18,83,-29.9114614638036,-66.333580687195
CF_POS_00051,TRUCK_038,2025-10-19T21:18:07Z,84,63,-38.48185381536375,-63.13813479665003
CF_POS_00052,TRUCK_019,2025-10-14T11:14:07Z,66,18,-35.70787290278553,-62.31810572618825
CF_POS_00053,TRUCK_011,2025-10-14T14:19:07Z,110,70,-31.729672798625863,-60.2619722081143
CF_POS_00054,TRUCK_033,2025-10-18T22:55:07Z,30,35,-31.269833858972493,-65.25049596335502
CF_POS_00055,TRUCK_025,2025-10-18T12:51:07Z,97,30,-35.26196323755035,-61.051428159934886
CF_POS_00056,TRUCK_034,2025-10-15T01:38:07Z,115,76,-33.71116718433123,-63.27224671754649
CF_POS_00057,TRUCK_017,2025-10-15T12:33:07Z,68,37,-36.159726031574614,-60.05723616955681
CF_POS_00058,TRUCK_039,2025-10-17T00:16:07Z,70,68,-34.77156539409592,-60.642536686392084
CF_POS_00059,TRUCK_021,2025-10-20T03:36:07Z,115,82,-30.66331534689671,-63.82245676316215
CF_POS_00060,TRUCK_018,2025-10-19T12:58:07Z,90,58,-29.22107295430866,-66.41525088553331
CF_POS_00061,TRUCK_031,2025-10-20T12:52:07Z,35,23,-33.255574130500555,-59.575228638748385
CF_POS_00062,TRUCK_021,2025-10-17T14:15:07Z,14,87,-29.599222476766556,-68.88991259550129
CF_POS_00063,TRUCK_012,2025-10-21T08:39:07Z,45,47,-38.281050130521635,-63.46150045536641
CF_POS_00064,TRUCK_022,2025-10-15T07:53:07Z,20,44,-36.48527293318763,-68.7501203211109
CF_POS_00065,TRUCK_027,2025-10-20T07:05:07Z,41,45,-33.70533567821603,-64.99175909296515
CF_POS_00066,TRUCK_043,2025-10-16T17:28:07Z,107,85,-32.86465801160106,-59.922830810577466
CF_POS_00067,TRUCK_029,2025-10-17T18:54:07Z,19,40,-31.415445284597297,-59.36607386629805
CF_POS_00068,TRUCK_034,2025-10-17T23:30:07Z,85,58,-30.616733825355162,-63.055396356383326
CF_POS_00069,TRUCK_043,2025-10-16T05:32:07Z,58,93,-31.76441518736599,-64.906401922484
CF_POS_00070,TRUCK_040,2025-10-18T11:28:07Z,41,32,-37.899191014258484,-62.63892734830842
CF_POS_00071,TRUCK_036,2025-10-14T17:46:07Z,105,80,-33.12601339440727,-61.76904512449093
CF_POS_00072,TRUCK_013,2025-10-17T07:35:07Z,8,82,-36.96012281450078,-65.3391280205401
CF_POS_00073,TRUCK_034,2025-10-16T22:45:07Z,62,12,-30.951431445384607,-63.50197289225297
CF_POS_00074,TRUCK_049,2025-10-18T22:05:07Z,93,83,-33.56019331370688,-68.79015278125064
CF_POS_00075,TRUCK_012,2025-10-18T21:41:07Z,18,94,-32.005455303188164,-68.22096385743963
CF_POS_00076,TRUCK_010,2025-10-18T10:48:07Z,93,28,-36.01673684586616,-67.61489095471272
CF_POS_00077,TRUCK_003,2025-10-19T02:58:07Z,97,30,-38.166374118255106,-60.59062477549649
CF_POS_00078,TRUCK_021,2025-10-21T12:05:07Z,7,64,-35.93572507759709,-61.36975975733311
CF_POS_00079,TRUCK_008,2025-10-16T09:50:07Z,53,14,-29.556802679615874,-60.996047269002204
CF_POS_00080,TRUCK_012,2025-10-18T15:39:07Z,4,58,-37.88122496617264,-63.99407862285868
CF_POS_00081,TRUCK_040,2025-10-16T23:37:07Z,76,25,-29.26221757730739,-62.41483920668996
CF_POS_00082,TRUCK_007,2025-10-15T23:28:07Z,94,62,-35.86061413289439,-64.06961456805453
CF_POS_00083,TRUCK_017,2025-10-15T13:09:07Z,112,10,-36.603531865954615,-65.18114679884512
CF_POS_00084,TRUCK_008,2025-10-18T21:21:07Z,77,74,-30.36978514970447,-66.27259289664265
CF_POS_00085,TRUCK_014,2025-10-15T06:52:07Z,74,67,-33.70989744055874,-64.02665336550979
CF_POS_00086,TRUCK_016,2025-10-15T22:40:07Z,61,87,-30.484131178373183,-66.08237122878124
CF_POS_00087,TRUCK_027,2025-10-18T12:42:07Z,98,70,-33.54057379024451,-65.68196704907145
CF_POS_00088,TRUCK_010,2025-10-19T08:27:07Z,100,55,-38.2980114591944,-64.97581924849298
CF_POS_00089,TRUCK_033,2025-10-17T09:49:07Z,42,78,-36.50881264754216,-59.629524579856366
CF_POS_00090,TRUCK_016,2025-10-17T22:17:07Z,72,75,-37.8552642694255,-60.31422053297904
CF_POS_00091,TRUCK_018,2025-10-18T07:55:07Z,104,14,-37.421269838600935,-63.906656590861004
CF_POS_00092,TRUCK_032,2025-10-18T05:09:07Z,35,46,-35.54132741733699,-68.48067484793741
CF_POS_00093,TRUCK_016,2025-10-18T20:38:07Z,21,92,-35.09311355906777,-65.96332634921518
CF_POS_00094,TRUCK_007,2025-10-20T20:08:07Z,27,25,-32.11624131486177,-65.44473238448445
CF_POS_00095,TRUCK_047,2025-10-16T07:04:07Z,94,58,-29.251990334958467,-67.38805714143675
CF_POS_00096,TRUCK_006,2025-10-16T09:38:07Z,108,47,-38.99394296649912,-62.404806048469744
CF_POS_00097,TRUCK_033,2025-10-21T11:55:07Z,58,84,-38.63039708295919,-62.58857010955197
CF_POS_00098,TRUCK_027,2025-10-14T05:35:07Z,55,27,-34.07098620978711,-63.13814490649391
CF_POS_00099,TRUCK_012,2025-10-20T00:59:07Z,39,25,-35.589784640708956,-62.33465667851061
CF_POS_00100,TRUCK_031,2025-10-18T19:11:07Z,44,73,-37.41515214812331,-68.5796066807438
CF_POS_00101,TRUCK_032,2025-10-20T04:02:07Z,103,98,-32.324532265838435,-60.172370902053075
CF_POS_00102,TRUCK_017,2025-10-17T23:06:07Z,84,47,-30.15444133968631,-60.08834432483338
CF_POS_00103,TRUCK_040,2025-10-20T01:51:07Z,25,57,-34.907795179550746,-68.77029368442903
CF_POS_00104,TRUCK_035,2025-10-17T10:41:07Z,18,84,-38.0256919430851,-63.4350215538193
CF_POS_00105,TRUCK_035,2025-10-17T13:19:07Z,29,38,-32.63879936552818,-65.05623091540255
CF_POS_00106,TRUCK_010,2025-10-17T10:43:07Z,59,70,-36.66037827454312,-61.14492245335561
CF_POS_00107,TRUCK_018,2025-10-14T10:19:07Z,54,40,-33.193273740895386,-62.17590825405696
CF_POS_00108,TRUCK_006,2025-10-19T10:43:07Z,2,64,-31.935419089360416,-68.48848085428156
CF_POS_00109,TRUCK_038,2025-10-20T21:19:07Z,113,28,-33.150701261052,-59.01830082782324
CF_POS_00110,TRUCK_022,2025-10-17T18:48:07Z,69,100,-30.43005805387126,-60.75058861673968
CF_POS_00111,TRUCK_021,2025-10-15T01:59:07Z,41,67,-33.71514066717429,-66.77569678249553
CF_POS_00112,TRUCK_040,2025-10-19T07:53:07Z,53,48,-31.57026638695193,-68.38061378964709
CF_POS_00113,TRUCK_021,2025-10-18T04:57:07Z,66,47,-33.14108702905649,-60.854854790723884
CF_POS_00114,TRUCK_045,2025-10-18T08:35:07Z,96,36,-29.0709645147058,-66.12468419335421
CF_POS_00115,TRUCK_012,2025-10-15T17:21:07Z,82,91,-31.88418745918819,-64.62535545881487
CF_POS_00116,TRUCK_037,2025-10-17T12:02:07Z,118,30,-30.57545828701392,-63.5861166919014
CF_POS_00117,TRUCK_013,2025-10-13T18:42:07Z,41,25,-32.67561656706006,-59.44141659411367
CF_POS_00118,TRUCK_019,2025-10-17T21:30:07Z,46,73,-30.517390346794905,-63.2529253951998
CF_POS_00119,TRUCK_033,2025-10-13T14:26:07Z,20,57,-38.716137838648386,-61.99597550197356
CF_POS_00120,TRUCK_013,2025-10-20T16:52:07Z,112,93,-35.83804412912863,-63.867112879391065
CF_POS_00121,TRUCK_009,2025-10-17T15:42:07Z,15,41,-30.27937981334511,-61.309331104463084
CF_POS_00122,TRUCK_042,2025-10-20T02:04:07Z,86,84,-34.84718092638039,-60.359846177230224
CF_POS_00123,TRUCK_017,2025-10-17T19:40:07Z,98,38,-37.84807887080724,-63.35955040130794
CF_POS_00124,TRUCK_036,2025-10-14T20:47:07Z,68,60,-38.09077240862692,-62.5214060214741
CF_POS_00125,TRUCK_039,2025-10-14T13:57:07Z,0,42,-33.14050200557951,-62.37450931787304
CF_POS_00126,TRUCK_019,2025-10-17T13:28:07Z,73,25,-34.1177689514973,-61.88337644364994
CF_POS_00127,TRUCK_034,2025-10-20T13:15:07Z,52,86,-30.76187451473273,-59.14992482233651
CF_POS_00128,TRUCK_010,2025-10-20T21:32:07Z,53,54,-37.9659458926483,-65.27054948636719
CF_POS_00129,TRUCK_029,2025-10-15T04:18:07Z,37,37,-29.235008377763144,-61.20891006213925
CF_POS_00130,TRUCK_039,2025-10-19T07:26:07Z,118,58,-29.766861474874293,-61.57976379014467
CF_POS_00131,TRUCK_029,2025-10-13T22:42:07Z,11,21,-38.281550678814014,-59.44283302826936
CF_POS_00132,TRUCK_015,2025-10-15T13:10:07Z,119,11,-36.45445342798204,-68.41674594104957
CF_POS_00133,TRUCK_027,2025-10-18T03:07:07Z,21,90,-37.46076669116674,-67.97975456915955
CF_POS_00134,TRUCK_001,2025-10-14T15:30:07Z,79,96,-29.566262853862057,-67.64068921498117
CF_POS_00135,TRUCK_033,2025-10-18T11:14:07Z,4,76,-38.87408422787367,-64.3672253911802
CF_POS_00136,TRUCK_047,2025-10-18T15:30:07Z,120,32,-36.332739778728545,-65.77786193164809
CF_POS_00137,TRUCK_041,2025-10-15T05:59:07Z,7,65,-30.960899576876187,-68.18089127303196
CF_POS_00138,TRUCK_027,2025-10-19T03:25:07Z,102,44,-31.248985196676983,-68.58360604581861
CF_POS_00139,TRUCK_008,2025-10-17T22:21:07Z,22,20,-30.40141576194967,-65.98271163996368
CF_POS_00140,TRUCK_019,2025-10-16T20:10:07Z,4,37,-31.036368140793456,-61.35617589237503
CF_POS_00141,TRUCK_017,2025-10-14T03:04:07Z,59,64,-38.37982540712171,-65.73576226041845
CF_POS_00142,TRUCK_030,2025-10-18T14:07:07Z,117,30,-38.140378011747295,-62.774967776722804
CF_POS_00143,TRUCK_023,2025-10-15T03:25:07Z,45,89,-31.626589025648958,-61.21026802097
CF_POS_00144,TRUCK_035,2025-10-15T21:45:07Z,119,60,-30.695422585779724,-67.38167238007706
CF_POS_00145,TRUCK_040,2025-10-19T08:44:07Z,111,28,-30.55291897690264,-68.56189345858382
CF_POS_00146,TRUCK_036,2025-10-20T04:27:07Z,118,11,-33.4809223347013,-59.219264289707915
CF_POS_00147,TRUCK_001,2025-10-18T07:12:07Z,40,41,-32.54218894683162,-62.33664765001458
CF_POS_00148,TRUCK_026,2025-10-19T07:17:07Z,20,89,-38.9736419425377,-59.62113018338814
CF_POS_00149,TRUCK_012,2025-10-20T01:57:07Z,61,52,-38.06927069329069,-67.8923385589722
CF_POS_00150,TRUCK_043,2025-10-16T18:44:07Z,36,67,-33.76127218776997,-62.05433834937792
CF_POS_00151,TRUCK_009,2025-10-19T05:22:07Z,47,57,-34.97207175333972,-68.46307102427657
CF_POS_00152,TRUCK_003,2025-10-20T07:43:07Z,55,10,-33.6730103584943,-66.97296231243139
CF_POS_00153,TRUCK_003,2025-10-14T17:34:07Z,92,72,-29.593838784248874,-62.87295083432692
CF_POS_00154,TRUCK_050,2025-10-20T19:54:07Z,86,64,-37.129584328699686,-61.98276586828432
CF_POS_00155,TRUCK_009,2025-10-20T18:28:07Z,39,34,-33.646256459804945,-65.28305408826185
CF_POS_00156,TRUCK_006,2025-10-16T02:38:07Z,22,48,-34.691301615602214,-59.048674068374446
CF_POS_00157,TRUCK_045,2025-10-17T12:43:07Z,34,31,-35.26792026622455,-64.2333991803074
CF_POS_00158,TRUCK_012,2025-10-13T23:00:07Z,86,73,-33.132248326736054,-65.96341114739432
CF_POS_00159,TRUCK_015,2025-10-14T05:46:07Z,3,57,-31.16698008065977,-64.39811207964175
CF_POS_00160,TRUCK_028,2025-10-19T22:44:07Z,104,29,-31.855244246242343,-65.84572212050172
CF_POS_00161,TRUCK_009,2025-10-18T15:49:07Z,42,83,-37.2249616787958,-68.669674849246
CF_POS_00162,TRUCK_048,2025-10-13T19:23:07Z,24,52,-38.81266991978808,-68.57834496274299
CF_POS_00163,TRUCK_024,2025-10-13T21:50:07Z,92,89,-38.70018479043764,-63.42836518175521
CF_POS_00164,TRUCK_006,2025-10-18T18:37:07Z,65,67,-36.097847199427605,-63.994188159273946
CF_POS_00165,TRUCK_048,2025-10-19T15:14:07Z,34,49,-38.341089534209495,-64.6042065268864
CF_POS_00166,TRUCK_008,2025-10-18T13:29:07Z,90,56,-38.12856629016711,-59.88050833620454
CF_POS_00167,TRUCK_022,2025-10-21T09:47:07Z,99,86,-30.661023555702833,-68.99420564010336
CF_POS_00168,TRUCK_045,2025-10-21T05:38:07Z,64,31,-34.768786325104976,-60.91250801590098
CF_POS_00169,TRUCK_024,2025-10-18T01:05:07Z,69,50,-30.538202016242586,-61.20799962015994
CF_POS_00170,TRUCK_042,2025-10-17T09:15:07Z,4,74,-32.26110742595498,-66.39671159098587
CF_POS_00171,TRUCK_050,2025-10-16T17:10:07Z,117,23,-36.314042830537566,-66.5036634076298
CF_POS_00172,TRUCK_044,2025-10-14T08:02:07Z,70,72,-38.94733837874497,-68.60626128471183
CF_POS_00173,TRUCK_037,2025-10-16T18:18:07Z,100,76,-36.81197619969305,-65.79873749514107
CF_POS_00174,TRUCK_034,2025-10-20T05:45:07Z,106,51,-29.841819314013115,-59.74025422154325
CF_POS_00175,TRUCK_046,2025-10-20T03:11:07Z,61,21,-35.66967222857862,-65.04513892249102
CF_POS_00176,TRUCK_045,2025-10-19T03:05:07Z,108,86,-33.8206044360697,-66.7406917152981
CF_POS_00177,TRUCK_038,2025-10-18T14:45:07Z,89,57,-35.19871062257956,-61.224246713425174
CF_POS_00178,TRUCK_033,2025-10-17T16:41:07Z,27,53,-36.17638108797444,-66.59493177301711
CF_POS_00179,TRUCK_042,2025-10-16T08:00:07Z,116,77,-33.3433025221946,-67.92231944333008
CF_POS_00180,TRUCK_029,2025-10-21T02:48:07Z,100,58,-33.725724952630706,-63.89565462399309
CF_POS_00181,TRUCK_048,2025-10-15T00:57:07Z,4,52,-33.837829372237216,-67.58598609948731
CF_POS_00182,TRUCK_032,2025-10-17T02:34:07Z,22,11,-37.194684915738385,-67.25754201050442
CF_POS_00183,TRUCK_014,2025-10-19T00:30:07Z,32,40,-37.05126667948187,-60.08261097666384
CF_POS_00184,TRUCK_020,2025-10-20T01:53:07Z,102,29,-31.91597542513683,-67.45607987919188
CF_POS_00185,TRUCK_041,2025-10-14T12:48:07Z,71,33,-30.836239021992558,-64.8753990720984
CF_POS_00186,TRUCK_026,2025-10-19T04:41:07Z,9,42,-31.96557791257558,-65.93394064589646
CF_POS_00187,TRUCK_022,2025-10-21T07:48:07Z,20,32,-38.075438020839904,-67.11777620063742
CF_POS_00188,TRUCK_041,2025-10-16T02:07:07Z,96,73,-34.79366238368338,-59.827233839399426
CF_POS_00189,TRUCK_033,2025-10-14T22:57:07Z,76,100,-32.540203178917686,-60.6937356249389
CF_POS_00190,TRUCK_005,2025-10-20T04:26:07Z,46,57,-31.557153731057053,-63.01823569140794
CF_POS_00191,TRUCK_013,2025-10-19T02:16:07Z,95,35,-34.76810154730039,-63.24194888425621
CF_POS_00192,TRUCK_043,2025-10-20T02:26:07Z,59,74,-34.93661380062536,-60.91031241136237
CF_POS_00193,TRUCK_043,2025-10-20T21:50:07Z,78,86,-29.50407081488354,-59.620132542786735
CF_POS_00194,TRUCK_049,2025-10-16T18:25:07Z,82,63,-29.44865294331451,-63.7131726511916
CF_POS_00195,TRUCK_043,2025-10-21T08:51:07Z,98,35,-32.40891183298532,-59.13151553584257
CF_POS_00196,TRUCK_050,2025-10-16T23:55:07Z,61,92,-33.264735646276804,-63.44140253746593
CF_POS_00197,TRUCK_001,2025-10-16T00:27:07Z,8,20,-33.267391123006924,-65.7842887334295
CF_POS_00198,TRUCK_018,2025-10-20T16:39:07Z,10,74,-31.85421765150139,-67.09356120705183
CF_POS_00199,TRUCK_026,2025-10-16T19:47:07Z,74,89,-37.806893977909716,-66.15566104055799
CF_POS_00200,TRUCK_033,2025-10-14T06:26:07Z,4,81,-31.72419972281713,-60.030564758189044
CF_POS_00201,TRUCK_014,2025-10-15T03:29:07Z,105,64,-35.30359568188533,-66.26790185537843
CF_POS_00202,TRUCK_046,2025-10-19T05:46:07Z,92,99,-29.731087179562667,-60.47297434080967
CF_POS_00203,TRUCK_049,2025-10-15T01:25:07Z,80,41,-38.966289912260486,-66.0330016330807
CF_POS_00204,TRUCK_003,2025-10-17T17:11:07Z,87,66,-34.8648664834301,-66.87140628827427
CF_POS_00205,TRUCK_003,2025-10-15T09:33:07Z,45,27,-31.042045754194078,-66.3569708412953
CF_POS_00206,TRUCK_001,2025-10-18T01:48:07Z,69,34,-31.405395352561733,-62.255320420457046
CF_POS_00207,TRUCK_012,2025-10-16T15:23:07Z,29,34,-36.822131726424004,-68.5729775304788
CF_POS_00208,TRUCK_016,2025-10-14T15:25:07Z,47,10,-34.05397327754015,-68.49694733476869
CF_POS_00209,TRUCK_005,2025-10-17T18:49:07Z,53,68,-29.407455039055904,-59.829591704712826
CF_POS_00210,TRUCK_024,2025-10-18T17:20:07Z,71,40,-35.543219776821495,-61.6015952782344
CF_POS_00211,TRUCK_023,2025-10-16T14:01:07Z,68,38,-30.623703550291225,-65.5562659375329
CF_POS_00212,TRUCK_040,2025-10-21T11:28:07Z,1,47,-38.48608998468336,-67.44470698415866
CF_POS_00213,TRUCK_022,2025-10-16T07:35:07Z,118,75,-37.748002908584084,-62.01344319535188
CF_POS_00214,TRUCK_045,2025-10-19T03:32:07Z,8,47,-32.271685418442,-62.97497097244968
CF_POS_00215,TRUCK_049,2025-10-20T22:57:07Z,37,76,-29.763072252451696,-59.78761434935977
CF_POS_00216,TRUCK_042,2025-10-20T19:12:07Z,42,29,-36.73747906547771,-66.77159972988028
CF_POS_00217,TRUCK_012,2025-10-19T06:12:07Z,91,19,-30.650256084780175,-62.169397492925036
CF_POS_00218,TRUCK_020,2025-10-16T18:39:07Z,35,100,-33.641767843456975,-60.74981526494746
CF_POS_00219,TRUCK_020,2025-10-20T01:47:07Z,113,51,-38.312800417245,-59.71396865672601
CF_POS_00220,TRUCK_041,2025-10-19T17:47:07Z,76,87,-32.91144219507389,-62.07586875071501
CF_POS_00221,TRUCK_013,2025-10-18T10:09:07Z,62,99,-37.75602874599344,-68.87200869399634
CF_POS_00222,TRUCK_026,2025-10-18T13:01:07Z,79,88,-32.40838130005594,-68.68637694100921
CF_POS_00223,TRUCK_003,2025-10-15T13:10:07Z,30,24,-31.63817880175705,-62.229987124290815
CF_POS_00224,TRUCK_024,2025-10-15T07:30:07Z,66,79,-36.55361277003026,-62.554564259970746
CF_POS_00225,TRUCK_049,2025-10-14T17:46:07Z,36,67,-33.85170777157866,-67.97639411678216
CF_POS_00226,TRUCK_001,2025-10-19T22:51:07Z,28,32,-30.70505143271196,-60.04394578203034
CF_POS_00227,TRUCK_016,2025-10-14T20:50:07Z,63,95,-35.49965613957573,-66.67590879914792
CF_POS_00228,TRUCK_037,2025-10-19T15:59:07Z,114,68,-35.86034465996599,-67.05344710603602
CF_POS_00229,TRUCK_037,2025-10-15T13:55:07Z,61,20,-34.60458629602335,-66.2177466270024
CF_POS_00230,TRUCK_037,2025-10-13T22:11:07Z,70,35,-30.523556608939828,-67.56655796752614
CF_POS_00231,TRUCK_028,2025-10-14T09:31:07Z,58,47,-35.107529602420755,-62.43607864653619
CF_POS_00232,TRUCK_037,2025-10-19T13:13:07Z,2,70,-32.297223884521756,-66.93376782147882
CF_POS_00233,TRUCK_024,2025-10-14T07:59:07Z,119,42,-38.15207580064744,-59.997397836593116
CF_POS_00234,TRUCK_015,2025-10-20T02:00:07Z,31,79,-34.1740362364175,-63.21780333263785
CF_POS_00235,TRUCK_049,2025-10-15T22:40:07Z,0,88,-36.67875310778834,-65.93800344270615
CF_POS_00236,TRUCK_048,2025-10-19T13:31:07Z,67,26,-31.53165689477672,-65.86321733168417
CF_POS_00237,TRUCK_002,2025-10-15T12:01:07Z,100,94,-31.580970053978184,-63.504309611442174
CF_POS_00238,TRUCK_013,2025-10-17T08:16:07Z,29,63,-32.38546098020314,-60.68654935635476
CF_POS_00239,TRUCK_015,2025-10-15T02:27:07Z,91,23,-36.02898650931706,-67.11444395518889
CF_POS_00240,TRUCK_028,2025-10-20T04:09:07Z,66,60,-29.099414519555083,-63.23514578140023
CF_POS_00241,TRUCK_028,2025-10-19T21:29:07Z,95,39,-36.79586462586274,-63.980200488217065
CF_POS_00242,TRUCK_032,2025-10-19T09:03:07Z,16,80,-37.32499751913841,-59.52069435414075
CF_POS_00243,TRUCK_028,2025-10-15T22:40:07Z,99,17,-37.45779110607212,-63.949854500161095
CF_POS_00244,TRUCK_045,2025-10-17T22:49:07Z,94,29,-35.9985781194804,-64.94652005618238
CF_POS_00245,TRUCK_002,2025-10-19T15:47:07Z,107,84,-36.27143506767884,-60.81567631071501
CF_POS_00246,TRUCK_015,2025-10-17T04:57:07Z,108,69,-38.82179669842719,-60.54017960320597
CF_POS_00247,TRUCK_026,2025-10-15T17:21:07Z,41,54,-35.04002457675495,-67.74289343042807
CF_POS_00248,TRUCK_018,2025-10-16T23:56:07Z,83,61,-37.58643916926847,-62.47800651602206
CF_POS_00249,TRUCK_002,2025-10-16T08:26:07Z,49,51,-30.505330807821835,-63.399083133151
CF_POS_00250,TRUCK_038,2025-10-19T23:29:07Z,83,80,-32.71195743183785,-66.87065318262971
CF_POS_00251,TRUCK_036,2025-10-15T20:59:07Z,91,95,-31.02223320254066,-64.13076796558718
CF_POS_00252,TRUCK_008,2025-10-16T16:23:07Z,14,95,-34.765797071897346,-62.17763770455119
CF_POS_00253,TRUCK_018,2025-10-14T11:27:07Z,28,17,-33.40955559044281,-60.03452860485064
CF_POS_00254,TRUCK_020,2025-10-13T23:45:07Z,113,79,-37.73393902567939,-65.7534947950529
CF_POS_00255,TRUCK_050,2025-10-21T10:40:07Z,80,51,-34.42809158685575,-68.47512509382575
CF_POS_00256,TRUCK_001,2025-10-20T04:05:07Z,98,54,-33.568017289904134,-65.43139132843206
CF_POS_00257,TRUCK_031,2025-10-20T07:35:07Z,24,63,-30.628428946024556,-68.779081973593
CF_POS_00258,TRUCK_048,2025-10-17T02:34:07Z,93,61,-37.45223621470216,-63.583452213091434
CF_POS_00259,TRUCK_001,2025-10-17T23:42:07Z,27,75,-36.423346555522976,-62.45845165778825
CF_POS_00260,TRUCK_020,2025-10-20T06:46:07Z,102,59,-31.233141233055065,-63.35540477943229
CF_POS_00261,TRUCK_038,2025-10-18T22:54:07Z,69,95,-35.020329880097776,-64.37350716527206
CF_POS_00262,TRUCK_005,2025-10-15T06:56:07Z,120,81,-38.519504314955505,-61.894818246364146
CF_POS_00263,TRUCK_035,2025-10-20T18:54:07Z,66,58,-38.383351248291774,-61.463712233149764
CF_POS_00264,TRUCK_032,2025-10-21T02:30:07Z,57,83,-34.94215619355458,-63.15231591470176
CF_POS_00265,TRUCK_026,2025-10-20T07:58:07Z,16,50,-36.13165878333596,-64.07095051896279
CF_POS_00266,TRUCK_047,2025-10-13T19:07:07Z,10,48,-36.51339355566493,-61.43058057265257
CF_POS_00267,TRUCK_042,2025-10-16T07:59:07Z,76,91,-35.0451398863574,-65.2765505843005
CF_POS_00268,TRUCK_047,2025-10-18T18:13:07Z,96,90,-29.51042311532059,-66.71877238280766
CF_POS_00269,TRUCK_015,2025-10-19T07:01:07Z,21,69,-32.80262553916513,-64.13800317937813
CF_POS_00270,TRUCK_036,2025-10-21T13:01:07Z,19,60,-38.3378479105353,-67.44902201294632
CF_POS_00271,TRUCK_026,2025-10-20T12:46:07Z,30,11,-33.58244105760115,-59.284343313435855
CF_POS_00272,TRUCK_003,2025-10-19T04:18:07Z,5,81,-35.33140641142779,-65.60208982064792
CF_POS_00273,TRUCK_032,2025-10-14T19:32:07Z,82,92,-32.63164449148726,-64.03266268464145
CF_POS_00274,TRUCK_018,2025-10-13T19:40:07Z,27,78,-31.419717726732646,-60.6624002518618
CF_POS_00275,TRUCK_028,2025-10-16T23:15:07Z,38,16,-30.94740921716096,-62.62441314053203
CF_POS_00276,TRUCK_007,2025-10-19T16:06:07Z,47,19,-36.5924686432082,-63.76185790963963
CF_POS_00277,TRUCK_002,2025-10-21T05:52:07Z,5,51,-31.107714935558985,-65.50272865069013
CF_POS_00278,TRUCK_001,2025-10-16T12:34:07Z,45,23,-37.652370794379614,-65.5808216986394
CF_POS_00279,TRUCK_048,2025-10-21T00:11:07Z,36,67,-33.35784767832859,-62.7582371518289
CF_POS_00280,TRUCK_018,2025-10-18T01:09:07Z,39,15,-33.34841791317653,-63.14657658971641
CF_POS_00281,TRUCK_006,2025-10-15T02:19:07Z,27,62,-37.041695680024425,-65.36722497545371
CF_POS_00282,TRUCK_035,2025-10-15T13:18:07Z,1,38,-36.28147167469354,-68.82435992480416
CF_POS_00283,TRUCK_039,2025-10-15T06:57:07Z,73,80,-34.663489479810515,-68.22682059179682
CF_POS_00284,TRUCK_010,2025-10-20T04:43:07Z,78,63,-32.42436187787111,-62.66518609884618
CF_POS_00285,TRUCK_006,2025-10-14T22:17:07Z,34,26,-34.35575955211129,-68.11143669678148
CF_POS_00286,TRUCK_027,2025-10-16T12:42:07Z,70,48,-38.59233790017156,-60.041888820861985
CF_POS_00287,TRUCK_028,2025-10-13T16:22:07Z,96,90,-29.23167339370182,-64.01812016685292
CF_POS_00288,TRUCK_032,2025-10-17T01:32:07Z,66,21,-34.47515639634629,-66.4334508490634
CF_POS_00289,TRUCK_040,2025-10-16T18:42:07Z,64,92,-29.297532987836426,-60.15509131119499
CF_POS_00290,TRUCK_021,2025-10-16T02:13:07Z,50,49,-34.57992638627712,-64.5793053377556
CF_POS_00291,TRUCK_032,2025-10-17T11:00:07Z,96,88,-30.02583467047974,-68.01309729440733
CF_POS_00292,TRUCK_006,2025-10-20T21:22:07Z,43,38,-38.63345377363806,-63.80512917021389
CF_POS_00293,TRUCK_020,2025-10-19T04:47:07Z,111,68,-34.992980167122255,-61.58314432236801
CF_POS_00294,TRUCK_002,2025-10-19T01:14:07Z,9,68,-32.693207959315785,-65.21297716578061
CF_POS_00295,TRUCK_028,2025-10-14T03:21:07Z,7,65,-30.28939759739353,-62.82657823197859
CF_POS_00296,TRUCK_041,2025-10-17T21:51:07Z,27,84,-34.57318212505722,-61.571010363598354
CF_POS_00297,TRUCK_013,2025-10-18T10:15:07Z,41,25,-33.276436687386266,-61.467454610541004
CF_POS_00298,TRUCK_024,2025-10-21T09:46:07Z,43,19,-31.10797861427434,-66.72765704940525
CF_POS_00299,TRUCK_026,2025-10-14T07:49:07Z,120,74,-32.329916077577735,-59.24400039500303
CF_POS_00300,TRUCK_029,2025-10-21T10:44:07Z,1,56,-37.375864153845065,-65.0744338517365
CF_POS_00301,TRUCK_007,2025-10-17T13:18:07Z,92,73,-38.65663927659648,-61.77952783896776
CF_POS_00302,TRUCK_035,2025-10-15T04:47:07Z,101,62,-29.144840234329614,-66.42840181857838
CF_POS_00303,TRUCK_038,2025-10-19T07:45:07Z,41,78,-38.03935742570338,-68.52276399827572
CF_POS_00304,TRUCK_047,2025-10-18T21:46:07Z,60,72,-31.263140609247937,-66.78589265955621
CF_POS_00305,TRUCK_028,2025-10-21T09:11:07Z,59,77,-32.07258614313664,-59.01166489864331
CF_POS_00306,TRUCK_036,2025-10-18T18:34:07Z,84,86,-33.43733888409894,-60.08562822522522
CF_POS_00307,TRUCK_035,2025-10-18T02:03:07Z,117,82,-29.845989414104515,-64.77432762975893
CF_POS_00308,TRUCK_031,2025-10-14T16:24:07Z,97,15,-35.637414950172065,-64.84056366948899
CF_POS_00309,TRUCK_001,2025-10-17T12:56:07Z,51,78,-37.5372076230624,-66.85814724896738
CF_POS_00310,TRUCK_038,2025-10-19T15:53:07Z,109,91,-33.7955288867642,-65.45769519817485
CF_POS_00311,TRUCK_040,2025-10-21T13:15:07Z,18,97,-38.33955343870535,-64.29469054259091
CF_POS_00312,TRUCK_030,2025-10-21T06:38:07Z,72,56,-37.149222221868435,-67.48056534822351
CF_POS_00313,TRUCK_015,2025-10-17T20:19:07Z,26,85,-33.16471234434847,-64.90439873078074
CF_POS_00314,TRUCK_008,2025-10-15T16:23:07Z,5,30,-31.40452963221709,-61.4454159378371
CF_POS_00315,TRUCK_014,2025-10-14T08:19:07Z,92,28,-29.669967920596388,-65.8074628138997
CF_POS_00316,TRUCK_049,2025-10-19T00:18:07Z,47,28,-38.85157154442304,-62.77297115858295
CF_POS_00317,TRUCK_048,2025-10-14T14:09:07Z,83,12,-38.38386912703034,-66.86563589826062
CF_POS_00318,TRUCK_035,2025-10-19T08:43:07Z,19,10,-34.6064059305932,-63.41335836664955
CF_POS_00319,TRUCK_037,2025-10-17T13:18:07Z,31,32,-30.09613788931763,-63.763215426298565
CF_POS_00320,TRUCK_050,2025-10-15T10:28:07Z,41,98,-37.15760718693337,-62.331816760706545
CF_POS_00321,TRUCK_045,2025-10-20T13:07:07Z,60,31,-37.433996495818555,-66.86096478247444
CF_POS_00322,TRUCK_014,2025-10-16T10:13:07Z,52,50,-34.0481224426947,-62.239827183801914
CF_POS_00323,TRUCK_035,2025-10-15T18:10:07Z,78,40,-36.97196213127539,-68.33228780753916
CF_POS_00324,TRUCK_022,2025-10-20T08:51:07Z,11,33,-36.51733957667366,-62.32730542078902
CF_POS_00325,TRUCK_003,2025-10-16T19:30:07Z,43,87,-34.71115634154567,-59.48035852886495
CF_POS_00326,TRUCK_029,2025-10-20T20:51:07Z,117,90,-32.190383606777104,-65.99083074486643
CF_POS_00327,TRUCK_041,2025-10-21T08:33:07Z,37,93,-33.36542273502089,-64.91257303245443
CF_POS_00328,TRUCK_007,2025-10-19T14:21:07Z,58,40,-31.727777278015083,-62.66362256548043
CF_POS_00329,TRUCK_049,2025-10-17T22:49:07Z,40,48,-32.87641391323375,-68.3067260975371
CF_POS_00330,TRUCK_039,2025-10-15T14:59:07Z,1,59,-34.77467062110085,-67.66241416852297
CF_POS_00331,TRUCK_047,2025-10-13T23:33:07Z,109,18,-32.183837631504076,-67.65025883543778
CF_POS_00332,TRUCK_035,2025-10-19T05:41:07Z,68,84,-37.13334307682442,-68.65925100325332
CF_POS_00333,TRUCK_010,2025-10-14T06:00:07Z,88,79,-35.61661883529702,-64.12558708377445
CF_POS_00334,TRUCK_044,2025-10-15T14:39:07Z,27,42,-33.09335944236694,-63.765342444307436
CF_POS_00335,TRUCK_015,2025-10-19T18:26:07Z,7,88,-29.21516099634205,-61.20094990095933
CF_POS_00336,TRUCK_046,2025-10-17T07:28:07Z,0,84,-30.5413343122646,-60.88560784251504
CF_POS_00337,TRUCK_012,2025-10-15T17:58:07Z,94,11,-36.059327092117506,-60.536213074352084
CF_POS_00338,TRUCK_048,2025-10-13T22:08:07Z,2,96,-29.352704485401084,-64.43755374115422
CF_POS_00339,TRUCK_043,2025-10-20T04:00:07Z,14,51,-33.990130656216806,-64.75474076717776
CF_POS_00340,TRUCK_041,2025-10-15T22:49:07Z,35,36,-37.42046722059678,-66.11826284240217
CF_POS_00341,TRUCK_044,2025-10-18T12:48:07Z,37,23,-38.248764964562085,-67.56782361690753
CF_POS_00342,TRUCK_027,2025-10-14T16:46:07Z,37,15,-33.96681109797416,-63.42603802150554
CF_POS_00343,TRUCK_009,2025-10-14T19:47:07Z,57,35,-38.34672234697379,-64.91715589636395
CF_POS_00344,TRUCK_037,2025-10-15T17:16:07Z,38,66,-33.88695175845591,-62.162924814183
CF_POS_00345,TRUCK_021,2025-10-15T11:26:07Z,46,75,-38.25612235548778,-64.04787839051508
CF_POS_00346,TRUCK_036,2025-10-15T06:02:07Z,68,59,-33.26647171031073,-63.07475867407409
CF_POS_00347,TRUCK_002,2025-10-14T13:22:07Z,35,77,-38.469943656851115,-62.97675220531135
CF_POS_00348,TRUCK_025,2025-10-15T06:52:07Z,16,77,-33.44154623107055,-68.4658928383615
CF_POS_00349,TRUCK_013,2025-10-16T04:27:07Z,95,73,-30.569630714092867,-68.95474684289024
CF_POS_00350,TRUCK_041,2025-10-20T21:35:07Z,74,97,-34.4970135920599,-59.242693957353715
CF_POS_00351,TRUCK_046,2025-10-18T00:55:07Z,108,39,-31.192773244012084,-67.48464727208237
CF_POS_00352,TRUCK_020,2025-10-16T14:26:07Z,39,59,-38.09188111122305,-68.74506921637476
CF_POS_00353,TRUCK_020,2025-10-17T19:53:07Z,35,30,-29.949643148606118,-60.61379963951482
CF_POS_00354,TRUCK_023,2025-10-19T03:55:07Z,75,59,-29.69670373263547,-59.48348770124391
CF_POS_00355,TRUCK_027,2025-10-18T08:11:07Z,62,16,-29.95156164932002,-61.26651376891478
CF_POS_00356,TRUCK_024,2025-10-18T10:52:07Z,107,94,-29.44262658158665,-59.00677882897355
CF_POS_00357,TRUCK_036,2025-10-15T09:35:07Z,113,51,-36.280503975472996,-63.71556661743224
CF_POS_00358,TRUCK_040,2025-10-17T22:21:07Z,82,71,-36.88404470493033,-68.34146699379805
CF_POS_00359,TRUCK_030,2025-10-19T03:09:07Z,65,85,-33.166920956659325,-61.741305899482256
CF_POS_00360,TRUCK_007,2025-10-18T10:14:07Z,73,49,-33.04250453547984,-64.99787965871369
CF_POS_00361,TRUCK_022,2025-10-20T20:55:07Z,77,82,-36.77865355169382,-64.10029663927118
CF_POS_00362,TRUCK_032,2025-10-20T06:19:07Z,11,22,-30.548581124378515,-67.58705081154861
CF_POS_00363,TRUCK_046,2025-10-18T12:31:07Z,76,90,-36.07467418651541,-68.99335889369756
CF_POS_00364,TRUCK_018,2025-10-17T03:43:07Z,4,83,-34.52308173135718,-68.53936362995951
CF_POS_00365,TRUCK_041,2025-10-20T05:20:07Z,5,19,-33.597312338915216,-64.67309884546721
CF_POS_00366,TRUCK_044,2025-10-13T16:45:07Z,32,14,-29.96611176290805,-64.85120205433572
CF_POS_00367,TRUCK_035,2025-10-18T05:22:07Z,39,72,-29.49410158063946,-63.19773063924936
CF_POS_00368,TRUCK_013,2025-10-16T17:46:07Z,99,100,-32.43592995572368,-66.59739318489164
CF_POS_00369,TRUCK_021,2025-10-21T04:43:07Z,24,20,-38.9350990343517,-60.02782193497444
CF_POS_00370,TRUCK_050,2025-10-15T17:03:07Z,20,75,-38.96619770799676,-67.55324665984307
CF_POS_00371,TRUCK_001,2025-10-19T06:36:07Z,32,79,-30.62904347375151,-67.11904440738276
CF_POS_00372,TRUCK_011,2025-10-19T13:57:07Z,8,60,-37.41516833261775,-59.20278221679489
CF_POS_00373,TRUCK_032,2025-10-19T09:12:07Z,77,41,-34.61445250106961,-59.97977594947406
CF_POS_00374,TRUCK_003,2025-10-20T20:33:07Z,70,63,-38.57976945890588,-61.405462812337504
CF_POS_00375,TRUCK_007,2025-10-13T20:42:07Z,72,67,-37.4490434920775,-64.03658679088943
CF_POS_00376,TRUCK_043,2025-10-19T10:26:07Z,16,36,-33.071318501040466,-61.57547880867099
CF_POS_00377,TRUCK_049,2025-10-16T02:11:07Z,89,48,-31.26350283220435,-68.64874356747343
CF_POS_00378,TRUCK_039,2025-10-13T17:38:07Z,102,47,-37.73772242942521,-66.13473943325997
CF_POS_00379,TRUCK_023,2025-10-15T10:44:07Z,114,85,-34.68141170942572,-61.1622002397983
CF_POS_00380,TRUCK_018,2025-10-16T19:21:07Z,17,48,-30.070044526250165,-66.02601177899203
CF_POS_00381,TRUCK_008,2025-10-14T22:13:07Z,67,49,-35.932611274226446,-60.385786899135276
CF_POS_00382,TRUCK_006,2025-10-21T07:38:07Z,46,36,-36.67485240946184,-67.0588471515078
CF_POS_00383,TRUCK_036,2025-10-15T22:05:07Z,37,88,-34.86478650462113,-63.5561615589665
CF_POS_00384,TRUCK_001,2025-10-18T07:37:07Z,104,91,-30.62678383953784,-64.10327876185055
CF_POS_00385,TRUCK_030,2025-10-15T16:59:07Z,103,45,-37.27939342447112,-62.99093841127562
CF_POS_00386,TRUCK_020,2025-10-15T16:22:07Z,63,88,-29.611203772344673,-67.12643812117541
CF_POS_00387,TRUCK_037,2025-10-20T15:42:07Z,75,57,-35.10177939444335,-67.53254695291857
CF_POS_00388,TRUCK_030,2025-10-20T23:06:07Z,19,97,-34.51290418129403,-61.22922174806068
CF_POS_00389,TRUCK_040,2025-10-16T06:37:07Z,102,36,-33.974578167447284,-63.99387278139609
CF_POS_00390,TRUCK_031,2025-10-13T18:53:07Z,30,50,-31.68819940776373,-62.36761141339313
CF_POS_00391,TRUCK_049,2025-10-21T07:33:07Z,35,97,-30.811297108724055,-66.42824011634569
CF_POS_00392,TRUCK_018,2025-10-21T01:10:07Z,61,75,-36.59090667070233,-68.62375769078444
CF_POS_00393,TRUCK_003,2025-10-17T12:06:07Z,34,21,-29.010065881912976,-59.59277205298781
CF_POS_00394,TRUCK_035,2025-10-20T02:22:07Z,76,69,-35.73504167416763,-62.60087576734013
CF_POS_00395,TRUCK_046,2025-10-21T12:26:07Z,21,24,-29.05757372059274,-65.74687172393003
CF_POS_00396,TRUCK_003,2025-10-15T08:48:07Z,6,36,-36.569483993158045,-64.73472895888125
CF_POS_00397,TRUCK_033,2025-10-16T20:05:07Z,21,61,-30.053518441996133,-61.55635706922642
CF_POS_00398,TRUCK_045,2025-10-21T10:04:07Z,18,57,-34.457038239263504,-62.18667708744962
CF_POS_00399,TRUCK_012,2025-10-19T20:27:07Z,39,41,-36.0289379459308,-62.49329156383736
CF_POS_00400,TRUCK_044,2025-10-17T13:29:07Z,118,88,-36.22579464432549,-66.41746857581445
CF_POS_00401,TRUCK_007,2025-10-18T15:16:07Z,94,97,-32.00415305705627,-60.48879322111577
CF_POS_00402,TRUCK_028,2025-10-16T00:55:07Z,11,17,-30.000586085532024,-63.11496965452047
CF_POS_00403,TRUCK_041,2025-10-19T18:19:07Z,5,84,-36.3280318315167,-63.55333353851161
CF_POS_00404,TRUCK_002,2025-10-18T18:06:07Z,52,10,-37.40817839595341,-60.73281289786224
CF_POS_00405,TRUCK_019,2025-10-18T14:35:07Z,13,92,-33.18654310727819,-61.07061346290044
CF_POS_00406,TRUCK_027,2025-10-20T21:42:07Z,29,34,-35.1591665282569,-60.829960670975424
CF_POS_00407,TRUCK_042,2025-10-21T02:19:07Z,1,74,-37.49023584949849,-67.07950927282036
CF_POS_00408,TRUCK_031,2025-10-19T22:14:07Z,82,75,-37.674519344865715,-67.13156703918263
CF_POS_00409,TRUCK_017,2025-10-18T12:59:07Z,47,24,-35.92342790797524,-63.58321985384735
CF_POS_00410,TRUCK_034,2025-10-13T16:12:07Z,71,18,-34.011251968630596,-60.93410355750786
CF_POS_00411,TRUCK_018,2025-10-16T20:53:07Z,61,74,-32.211676991513784,-68.857427514357
CF_POS_00412,TRUCK_040,2025-10-16T03:58:07Z,89,36,-29.063398643461156,-62.747809567028824
CF_POS_00413,TRUCK_007,2025-10-14T19:17:07Z,110,14,-34.951598929847165,-59.35945134788338
CF_POS_00414,TRUCK_018,2025-10-16T19:25:07Z,113,63,-35.314333397190204,-59.27256992813174
CF_POS_00415,TRUCK_009,2025-10-19T09:15:07Z,94,56,-29.902883535281255,-65.71779990642486
CF_POS_00416,TRUCK_045,2025-10-18T08:47:07Z,85,98,-31.398471715513484,-67.91060772065863
CF_POS_00417,TRUCK_035,2025-10-18T11:40:07Z,24,64,-32.342792086586726,-60.08475407800483
CF_POS_00418,TRUCK_013,2025-10-16T10:21:07Z,92,98,-38.324281204512125,-65.99393618276338
CF_POS_00419,TRUCK_011,2025-10-17T15:48:07Z,98,10,-29.162337611200563,-62.429809608762596
CF_POS_00420,TRUCK_001,2025-10-14T19:28:07Z,72,99,-29.176780709093162,-68.53898832046265
CF_POS_00421,TRUCK_034,2025-10-16T10:49:07Z,103,45,-38.39857842382817,-66.34145949044924
CF_POS_00422,TRUCK_029,2025-10-17T00:26:07Z,94,75,-31.113757977152826,-66.47148812870263
CF_POS_00423,TRUCK_033,2025-10-21T00:58:07Z,101,18,-35.86386331360912,-65.48368076962892
CF_POS_00424,TRUCK_046,2025-10-18T17:56:07Z,76,88,-35.99609320220316,-65.38793767885807
CF_POS_00425,TRUCK_044,2025-10-21T05:25:07Z,94,20,-36.907976510651245,-63.65941749384677
CF_POS_00426,TRUCK_018,2025-10-16T18:48:07Z,35,34,-33.75308229262858,-60.18360955612673
CF_POS_00427,TRUCK_047,2025-10-16T09:31:07Z,15,97,-38.88940193985969,-67.26695032178648
CF_POS_00428,TRUCK_022,2025-10-19T08:21:07Z,26,85,-32.81997017189883,-60.15691199375207
CF_POS_00429,TRUCK_036,2025-10-19T10:19:07Z,106,56,-33.00183495948538,-66.34820334156491
CF_POS_00430,TRUCK_044,2025-10-21T13:12:07Z,15,21,-30.607940650317534,-61.764307121361085
CF_POS_00431,TRUCK_032,2025-10-17T12:18:07Z,45,29,-37.0044361167715,-63.007904245852664
CF_POS_00432,TRUCK_049,2025-10-20T21:43:07Z,68,58,-29.297719840557033,-65.71486310458332
CF_POS_00433,TRUCK_042,2025-10-17T02:57:07Z,57,98,-29.809137593615915,-66.92277018259534
CF_POS_00434,TRUCK_025,2025-10-18T05:32:07Z,102,48,-30.448948681940372,-65.72521456121035
CF_POS_00435,TRUCK_035,2025-10-15T20:16:07Z,88,30,-33.59276569496775,-67.51593861181279
CF_POS_00436,TRUCK_028,2025-10-17T22:09:07Z,112,63,-36.87318244183796,-66.38987318160798
CF_POS_00437,TRUCK_006,2025-10-14T11:02:07Z,34,81,-33.67778815376303,-59.09710233714587
CF_POS_00438,TRUCK_035,2025-10-20T23:19:07Z,16,12,-33.957345530747524,-65.7886620428416
CF_POS_00439,TRUCK_016,2025-10-14T13:46:07Z,66,69,-36.10962430311059,-67.7155287941898
CF_POS_00440,TRUCK_045,2025-10-14T08:40:07Z,3,44,-33.149916684637176,-62.47905945312875
CF_POS_00441,TRUCK_048,2025-10-21T10:21:07Z,9,99,-31.279619206547444,-63.546220762635876
CF_POS_00442,TRUCK_018,2025-10-17T16:48:07Z,37,94,-29.231118771986512,-60.60943220082233
CF_POS_00443,TRUCK_005,2025-10-17T17:16:07Z,109,94,-32.948988517325965,-61.63350789252255
CF_POS_00444,TRUCK_026,2025-10-16T04:47:07Z,99,51,-36.18200801851331,-59.27884825408406
CF_POS_00445,TRUCK_026,2025-10-14T13:13:07Z,72,26,-35.431621547860445,-65.52480518960111
CF_POS_00446,TRUCK_021,2025-10-19T14:54:07Z,88,51,-32.208479511273914,-64.2517624747904
CF_POS_00447,TRUCK_033,2025-10-14T07:39:07Z,1,96,-31.883439957927333,-64.57953062273116
CF_POS_00448,TRUCK_026,2025-10-14T15:34:07Z,114,30,-30.246907845176707,-67.5355834282897
CF_POS_00449,TRUCK_002,2025-10-19T04:43:07Z,112,27,-35.573751063123204,-59.520000282133495
CF_POS_00450,TRUCK_031,2025-10-18T17:26:07Z,31,31,-33.55802549969572,-60.03180048602085
CF_POS_00451,TRUCK_043,2025-10-14T13:15:07Z,81,84,-34.30775694092119,-61.95401481490301
CF_POS_00452,TRUCK_008,2025-10-20T02:28:07Z,52,40,-29.7741832715327,-61.00312500569933
CF_POS_00453,TRUCK_039,2025-10-18T22:14:07Z,5,11,-30.11870469650131,-67.14159617417461
CF_POS_00454,TRUCK_049,2025-10-20T17:18:07Z,5,15,-36.747021006909314,-68.56507451644414
CF_POS_00455,TRUCK_042,2025-10-14T20:27:07Z,86,59,-35.295700640952006,-60.61922060784808
CF_POS_00456,TRUCK_012,2025-10-18T17:15:07Z,101,99,-29.569138999238913,-60.14499558813881
CF_POS_00457,TRUCK_022,2025-10-20T17:01:07Z,80,96,-31.442143975956416,-63.144171945712
CF_POS_00458,TRUCK_039,2025-10-19T12:34:07Z,77,26,-36.09903156443989,-66.3306298170502
CF_POS_00459,TRUCK_026,2025-10-14T03:04:07Z,9,45,-35.496236613658326,-61.26423959851746
CF_POS_00460,TRUCK_050,2025-10-18T06:11:07Z,16,49,-36.046001993784,-61.72584069268061
CF_POS_00461,TRUCK_025,2025-10-16T11:53:07Z,89,81,-29.05554031915552,-67.823070887077
CF_POS_00462,TRUCK_042,2025-10-13T16:37:07Z,81,19,-35.153704296123756,-63.79160781677347
CF_POS_00463,TRUCK_004,2025-10-18T07:39:07Z,14,80,-34.713276928562465,-59.61023253881861
CF_POS_00464,TRUCK_047,2025-10-14T13:57:07Z,106,48,-33.526921579652985,-68.30494787337383
CF_POS_00465,TRUCK_010,2025-10-20T06:05:07Z,2,61,-36.904265504515855,-66.312076619078
CF_POS_00466,TRUCK_009,2025-10-13T17:41:07Z,43,91,-31.2919078971807,-62.397777427977246
CF_POS_00467,TRUCK_017,2025-10-14T09:50:07Z,41,18,-29.589743563060082,-64.44835019818035
CF_POS_00468,TRUCK_043,2025-10-19T19:43:07Z,106,86,-37.230635364330965,-65.0984340862605
CF_POS_00469,TRUCK_016,2025-10-15T05:29:07Z,102,21,-29.517165038273717,-63.75272383420313
CF_POS_00470,TRUCK_031,2025-10-20T16:25:07Z,103,78,-38.302772730631894,-63.479851729577035
CF_POS_00471,TRUCK_013,2025-10-14T05:29:07Z,23,81,-38.71784015347118,-64.55851694298082
CF_POS_00472,TRUCK_020,2025-10-16T15:12:07Z,72,10,-30.159956236297074,-63.930268445301365
CF_POS_00473,TRUCK_048,2025-10-15T12:22:07Z,2,36,-36.86549921520316,-67.21065073102532
CF_POS_00474,TRUCK_016,2025-10-14T05:21:07Z,72,27,-36.64296672093774,-63.64730318016197
CF_POS_00475,TRUCK_017,2025-10-19T15:01:07Z,51,65,-31.84165386999437,-65.93395054934662
CF_POS_00476,TRUCK_027,2025-10-17T12:24:07Z,57,12,-30.177062480656712,-62.982556160098774
CF_POS_00477,TRUCK_013,2025-10-14T14:43:07Z,44,47,-34.95923536966127,-62.33359370791407
CF_POS_00478,TRUCK_023,2025-10-15T05:50:07Z,11,70,-33.219812182710875,-63.346328677752595
CF_POS_00479,TRUCK_039,2025-10-19T10:35:07Z,115,85,-37.79156710601757,-66.11495862750247
CF_POS_00480,TRUCK_011,2025-10-17T20:24:07Z,71,64,-29.318938888473927,-62.36865797938384
CF_POS_00481,TRUCK_046,2025-10-14T23:50:07Z,50,18,-32.45871619863079,-60.90330868223813
CF_POS_00482,TRUCK_009,2025-10-14T14:25:07Z,3,77,-35.42808671680656,-64.97078565697585
CF_POS_00483,TRUCK_024,2025-10-18T06:56:07Z,16,89,-35.19376937778875,-61.327523300759786
CF_POS_00484,TRUCK_038,2025-10-17T01:59:07Z,110,73,-34.67895282626859,-66.83245775612039
CF_POS_00485,TRUCK_048,2025-10-21T06:39:07Z,67,15,-33.99633210784467,-64.32273162281668
CF_POS_00486,TRUCK_046,2025-10-15T06:37:07Z,52,45,-29.267519436848403,-64.09368788287644
CF_POS_00487,TRUCK_041,2025-10-16T08:38:07Z,12,36,-37.24399130692406,-65.93182169510658
CF_POS_00488,TRUCK_034,2025-10-14T22:47:07Z,112,61,-34.77297886083838,-68.48993698939967
CF_POS_00489,TRUCK_047,2025-10-19T16:33:07Z,67,86,-37.38834813350671,-65.94986135905202
CF_POS_00490,TRUCK_043,2025-10-13T16:03:07Z,98,48,-32.174799488203675,-68.15788303437193
CF_POS_00491,TRUCK_019,2025-10-18T10:00:07Z,48,40,-33.8208285729121,-61.28332125534817
CF_POS_00492,TRUCK_017,2025-10-20T07:39:07Z,1,90,-30.11582259318663,-62.44288969491702
CF_POS_00493,TRUCK_025,2025-10-19T05:33:07Z,119,61,-35.49815280309306,-66.80552285333906
CF_POS_00494,TRUCK_005,2025-10-14T06:57:07Z,87,69,-34.66982423515336,-66.92145061430091
CF_POS_00495,TRUCK_040,2025-10-14T15:14:07Z,12,11,-32.65399906427237,-63.059002778053994
CF_POS_00496,TRUCK_018,2025-10-16T20:15:07Z,118,75,-37.30169332352442,-59.423169892971444
CF_POS_00497,TRUCK_049,2025-10-17T20:42:07Z,25,25,-34.79142026932536,-65.3084810011404
CF_POS_00498,TRUCK_048,2025-10-21T11:45:07Z,113,37,-38.10699912812691,-64.47821159610675
CF_POS_00499,TRUCK_024,2025-10-14T05:04:07Z,40,47,-31.72318233260359,-63.164990015993766
CF_POS_00500,TRUCK_028,2025-10-18T01:07:07Z,66,68,-37.58518172605598,-67.47202103953592
CF_POS_00501,TRUCK_040,2025-10-20T05:55:07Z,70,64,-35.381302762645184,-65.1287198764113
CF_POS_00502,TRUCK_009,2025-10-15T21:12:07Z,105,83,-30.044409876996912,-59.06993010201885
CF_POS_00503,TRUCK_038,2025-10-19T01:08:07Z,93,20,-38.13386922748153,-59.33517945311567
CF_POS_00504,TRUCK_028,2025-10-16T17:36:07Z,17,100,-38.142026499518416,-61.36411844334687
CF_POS_00505,TRUCK_036,2025-10-14T12:56:07Z,55,48,-36.73463709266616,-61.81750127469571
CF_POS_00506,TRUCK_003,2025-10-18T10:23:07Z,7,52,-30.97785084947371,-66.28909947980071
CF_POS_00507,TRUCK_046,2025-10-21T04:16:07Z,118,89,-33.52491513241891,-60.74997797704444
CF_POS_00508,TRUCK_016,2025-10-16T09:01:07Z,19,57,-38.41238362703278,-62.34750298802474
CF_POS_00509,TRUCK_013,2025-10-19T17:01:07Z,101,89,-35.55867134580897,-63.15210580563711
CF_POS_00510,TRUCK_032,2025-10-19T13:02:07Z,38,79,-38.51283117514819,-61.20593065844052
CF_POS_00511,TRUCK_048,2025-10-21T07:00:07Z,48,44,-31.997043605662604,-67.7820294739673
CF_POS_00512,TRUCK_041,2025-10-13T21:32:07Z,97,53,-36.76397061108355,-67.88603321522949
CF_POS_00513,TRUCK_024,2025-10-17T07:00:07Z,16,42,-30.181800974413164,-64.21169677149764
CF_POS_00514,TRUCK_041,2025-10-20T09:53:07Z,26,92,-30.1572239855851,-65.7781261864915
CF_POS_00515,TRUCK_042,2025-10-15T02:29:07Z,57,59,-33.148847924956655,-63.614203048880235
CF_POS_00516,TRUCK_014,2025-10-20T20:35:07Z,27,92,-32.28887877839763,-61.750226817895985
CF_POS_00517,TRUCK_014,2025-10-18T18:04:07Z,2,20,-29.770001626796937,-59.1526724690347
CF_POS_00518,TRUCK_005,2025-10-20T08:01:07Z,114,21,-31.467708902245604,-67.08510384105986
CF_POS_00519,TRUCK_042,2025-10-20T05:00:07Z,28,60,-34.24398602258957,-62.31198995495572
CF_POS_00520,TRUCK_041,2025-10-19T08:12:07Z,61,45,-37.06356048146302,-65.34162083078897
CF_POS_00521,TRUCK_048,2025-10-14T08:24:07Z,115,100,-35.22778773443417,-64.6292662137196
CF_POS_00522,TRUCK_020,2025-10-21T13:24:07Z,43,47,-34.217370598214075,-63.265476677688206
CF_POS_00523,TRUCK_011,2025-10-14T01:58:07Z,11,84,-33.1138662578617,-65.21542056976944
CF_POS_00524,TRUCK_048,2025-10-16T11:23:07Z,103,52,-38.18994081335254,-61.26064321491596
CF_POS_00525,TRUCK_015,2025-10-17T23:39:07Z,90,73,-36.79908244770506,-61.145254220460636
CF_POS_00526,TRUCK_019,2025-10-17T10:45:07Z,23,87,-31.60437306907862,-66.16558895745405
CF_POS_00527,TRUCK_001,2025-10-14T18:42:07Z,3,57,-35.376960219551535,-59.47021608618738
CF_POS_00528,TRUCK_031,2025-10-16T13:29:07Z,38,62,-30.702023095204428,-67.0919214409654
CF_POS_00529,TRUCK_003,2025-10-15T14:40:07Z,76,73,-34.64371067248728,-66.4663297473124
CF_POS_00530,TRUCK_031,2025-10-16T01:23:07Z,22,56,-36.41849567141052,-65.39426609176732
CF_POS_00531,TRUCK_030,2025-10-19T00:17:07Z,24,34,-29.86350057011022,-59.276320256264725
CF_POS_00532,TRUCK_040,2025-10-19T18:06:07Z,27,36,-38.54232675797659,-65.49582131078888
CF_POS_00533,TRUCK_044,2025-10-19T09:51:07Z,114,58,-32.229305329334835,-67.66489469052112
CF_POS_00534,TRUCK_032,2025-10-21T11:54:07Z,111,38,-36.22574783087565,-61.79470106046652
CF_POS_00535,TRUCK_044,2025-10-20T19:09:07Z,82,56,-35.57892497065115,-65.21641912052151
CF_POS_00536,TRUCK_046,2025-10-17T06:38:07Z,63,71,-36.12169959415106,-60.0698911675659
CF_POS_00537,TRUCK_043,2025-10-17T06:12:07Z,18,30,-36.078169757232104,-62.87941080922408
CF_POS_00538,TRUCK_040,2025-10-14T16:32:07Z,86,59,-29.6444813842739,-66.32177957559018
CF_POS_00539,TRUCK_027,2025-10-16T17:43:07Z,97,59,-33.36022653824248,-60.957568456396366
CF_POS_00540,TRUCK_030,2025-10-18T22:19:07Z,20,70,-33.54409815831785,-60.23227148852527
CF_POS_00541,TRUCK_045,2025-10-19T18:56:07Z,80,32,-29.28743797483282,-64.4500141106213
CF_POS_00542,TRUCK_038,2025-10-13T17:33:07Z,97,24,-31.189187287811947,-63.244570770326625
CF_POS_00543,TRUCK_026,2025-10-17T19:03:07Z,119,17,-29.480313270003013,-60.79970940767088
CF_POS_00544,TRUCK_050,2025-10-14T09:22:07Z,8,74,-35.45709854344513,-67.72336089970224
CF_POS_00545,TRUCK_029,2025-10-15T06:48:07Z,62,52,-30.365824994033087,-65.92540337068513
CF_POS_00546,TRUCK_025,2025-10-14T22:22:07Z,4,59,-30.52817788210902,-68.67687911780848
CF_POS_00547,TRUCK_030,2025-10-16T13:05:07Z,69,35,-36.532372691396176,-67.23670486301573
CF_POS_00548,TRUCK_027,2025-10-17T08:22:07Z,48,25,-32.407500325504834,-60.380168642539765
CF_POS_00549,TRUCK_045,2025-10-16T05:10:07Z,74,58,-33.810539533952856,-62.941911133263936
CF_POS_00550,TRUCK_034,2025-10-18T20:07:07Z,64,27,-36.68500495054686,-59.6649805261181
CF_POS_00551,TRUCK_009,2025-10-17T10:03:07Z,21,97,-29.179139638386058,-68.54576966732785
CF_POS_00552,TRUCK_002,2025-10-18T01:23:07Z,10,32,-33.66777260851464,-62.41486514005407
CF_POS_00553,TRUCK_015,2025-10-21T13:39:07Z,105,11,-34.40994437457232,-67.34704777967384
CF_POS_00554,TRUCK_008,2025-10-14T04:15:07Z,19,24,-32.49256413175337,-63.424446775486
CF_POS_00555,TRUCK_046,2025-10-21T00:23:07Z,65,84,-37.671561423737586,-60.673717794246954
CF_POS_00556,TRUCK_015,2025-10-21T12:07:07Z,95,45,-37.576236715150564,-62.67910833050531
CF_POS_00557,TRUCK_003,2025-10-15T08:18:07Z,102,40,-30.786035095602372,-64.72756870628852
CF_POS_00558,TRUCK_019,2025-10-15T06:15:07Z,94,57,-33.31161491050486,-66.66179764115319
CF_POS_00559,TRUCK_049,2025-10-20T06:20:07Z,76,21,-30.981350758175424,-60.24705697134547
CF_POS_00560,TRUCK_008,2025-10-17T15:25:07Z,6,14,-30.25132372086111,-64.7042338884142
CF_POS_00561,TRUCK_014,2025-10-21T01:14:07Z,57,85,-38.55996472611917,-59.96788269983364
CF_POS_00562,TRUCK_016,2025-10-16T20:47:07Z,32,60,-30.08782715828395,-66.24527712388222
CF_POS_00563,TRUCK_044,2025-10-19T19:21:07Z,106,13,-34.37816668694579,-59.59007361717587
CF_POS_00564,TRUCK_024,2025-10-15T20:01:07Z,77,56,-29.155097654435252,-68.50091851373222
CF_POS_00565,TRUCK_032,2025-10-16T23:31:07Z,110,64,-38.690096319467465,-63.298541825322815
CF_POS_00566,TRUCK_002,2025-10-17T18:14:07Z,103,15,-31.077353010587277,-67.29056165222048
CF_POS_00567,TRUCK_035,2025-10-15T14:52:07Z,117,55,-37.522803931921516,-64.44588729186762
CF_POS_00568,TRUCK_009,2025-10-18T01:28:07Z,37,61,-32.19568334963767,-62.45271739521816
CF_POS_00569,TRUCK_039,2025-10-19T04:41:07Z,61,80,-34.44015884993143,-65.11759295961386
CF_POS_00570,TRUCK_048,2025-10-13T14:11:07Z,12,38,-32.63161594571061,-64.45710838580504
CF_POS_00571,TRUCK_050,2025-10-17T00:52:07Z,18,73,-36.26343543977979,-62.31312422601845
CF_POS_00572,TRUCK_031,2025-10-14T12:31:07Z,6,24,-37.905767170130446,-65.49222792149821
CF_POS_00573,TRUCK_009,2025-10-13T19:18:07Z,58,10,-34.68659568255096,-65.92820003584474
CF_POS_00574,TRUCK_019,2025-10-17T12:26:07Z,82,57,-35.41992848060703,-59.49093394455533
CF_POS_00575,TRUCK_032,2025-10-18T08:11:07Z,12,65,-33.859598394607964,-67.06532367061632
CF_POS_00576,TRUCK_007,2025-10-19T13:38:07Z,32,41,-37.47288242528033,-65.37535001925318
CF_POS_00577,TRUCK_011,2025-10-17T15:03:07Z,92,18,-34.37801405229014,-67.64931993263352
CF_POS_00578,TRUCK_043,2025-10-15T20:03:07Z,63,94,-34.560897228888315,-67.27119151569637
CF_POS_00579,TRUCK_003,2025-10-15T06:24:07Z,14,19,-32.267816163123406,-62.78155087743316
CF_POS_00580,TRUCK_034,2025-10-19T06:50:07Z,44,33,-37.18770455275854,-65.8823700432195
CF_POS_00581,TRUCK_022,2025-10-15T00:47:07Z,83,24,-35.95401807837802,-61.55279044338827
CF_POS_00582,TRUCK_031,2025-10-14T18:16:07Z,16,89,-29.615609810739386,-64.7934126471845
CF_POS_00583,TRUCK_028,2025-10-13T23:22:07Z,77,15,-31.732908092985802,-66.75064324000348
CF_POS_00584,TRUCK_043,2025-10-21T02:23:07Z,85,25,-38.5457292886168,-63.57937057256316
CF_POS_00585,TRUCK_025,2025-10-13T18:20:07Z,49,28,-34.8954274698296,-65.385117944502
CF_POS_00586,TRUCK_047,2025-10-16T19:19:07Z,84,54,-31.90174149187215,-61.55054475029299
CF_POS_00587,TRUCK_017,2025-10-19T19:51:07Z,10,74,-34.00226237312303,-65.5145129370254
CF_POS_00588,TRUCK_037,2025-10-19T08:14:07Z,41,64,-34.740417314679505,-66.82269754971882
CF_POS_00589,TRUCK_010,2025-10-13T15:30:07Z,101,16,-33.6423620865569,-59.884892525314065
CF_POS_00590,TRUCK_042,2025-10-20T15:02:07Z,92,18,-37.58314608184331,-66.32337005197137
CF_POS_00591,TRUCK_014,2025-10-20T18:47:07Z,76,83,-31.711554186956413,-61.291406759153865
CF_POS_00592,TRUCK_014,2025-10-14T00:32:07Z,70,62,-38.789784056693556,-61.40350044364152
CF_POS_00593,TRUCK_026,2025-10-20T14:53:07Z,8,29,-32.916063872658796,-64.37006990697269
CF_POS_00594,TRUCK_002,2025-10-15T13:07:07Z,114,23,-35.74727757882634,-60.09907478719793
CF_POS_00595,TRUCK_043,2025-10-17T07:46:07Z,103,22,-36.96860381713038,-68.72005385781502
CF_POS_00596,TRUCK_046,2025-10-15T09:15:07Z,6,93,-38.682388919038566,-66.38215854213257
CF_POS_00597,TRUCK_005,2025-10-17T23:28:07Z,35,94,-34.92167735598142,-65.59757983006556
CF_POS_00598,TRUCK_041,2025-10-21T03:32:07Z,93,100,-38.73727347143522,-68.26836568421608
CF_POS_00599,TRUCK_024,2025-10-18T03:50:07Z,27,64,-37.99045498374826,-66.82603473885814
CF_POS_00600,TRUCK_036,2025-10-14T19:30:07Z,56,67,-33.582924896396364,-68.26497991497487
CF_POS_00601,TRUCK_008,2025-10-15T17:53:07Z,40,70,-38.574637035115146,-61.29287647549289
CF_POS_00602,TRUCK_043,2025-10-17T11:42:07Z,38,80,-33.236661143737365,-63.22815275079677
CF_POS_00603,TRUCK_044,2025-10-20T07:40:07Z,89,29,-34.38982499963972,-61.260004986110715
CF_POS_00604,TRUCK_041,2025-10-15T12:46:07Z,50,33,-36.63561081658156,-63.12071843512701
CF_POS_00605,TRUCK_010,2025-10-16T13:36:07Z,90,87,-38.39428544368995,-61.96887709743521
CF_POS_00606,TRUCK_040,2025-10-20T12:54:07Z,78,61,-32.61244101021617,-59.84613133613358
CF_POS_00607,TRUCK_047,2025-10-14T15:11:07Z,96,63,-30.264162441890832,-63.88755480494536
CF_POS_00608,TRUCK_012,2025-10-14T09:43:07Z,110,15,-30.66581740744592,-68.90221581417232
CF_POS_00609,TRUCK_015,2025-10-20T18:44:07Z,88,73,-38.970356579586905,-68.21758505332147
CF_POS_00610,TRUCK_021,2025-10-15T08:09:07Z,42,18,-35.8806845535876,-62.2987590331705
CF_POS_00611,TRUCK_035,2025-10-19T07:47:07Z,0,24,-32.14390419480067,-59.19134212845318
CF_POS_00612,TRUCK_004,2025-10-18T23:12:07Z,92,40,-33.26056575397415,-64.97339132963538
CF_POS_00613,TRUCK_021,2025-10-15T08:31:07Z,58,86,-37.31761284039521,-60.03370307261227
CF_POS_00614,TRUCK_040,2025-10-15T21:45:07Z,83,10,-30.27641065661487,-59.84522404596613
CF_POS_00615,TRUCK_050,2025-10-20T02:21:07Z,32,65,-33.746774021397904,-62.61522596208857
CF_POS_00616,TRUCK_041,2025-10-14T15:02:07Z,87,74,-36.78418603985751,-66.79206250943248
CF_POS_00617,TRUCK_047,2025-10-16T17:26:07Z,58,80,-33.343812455009115,-60.571668690113874
CF_POS_00618,TRUCK_050,2025-10-14T14:11:07Z,26,55,-34.64291872009948,-68.72587697684486
CF_POS_00619,TRUCK_038,2025-10-20T08:43:07Z,60,38,-37.97776282791998,-66.63529466954284
CF_POS_00620,TRUCK_014,2025-10-19T18:25:07Z,48,54,-37.05830277312654,-67.64359708783624
CF_POS_00621,TRUCK_040,2025-10-18T03:30:07Z,32,91,-30.71435049167512,-61.41135995147059
CF_POS_00622,TRUCK_035,2025-10-21T13:27:07Z,61,97,-30.753699755504655,-63.484810690104325
CF_POS_00623,TRUCK_040,2025-10-19T02:11:07Z,2,86,-29.210586948441073,-62.16009465798554
CF_POS_00624,TRUCK_049,2025-10-14T06:20:07Z,38,44,-38.10048863031172,-67.49179314506269
CF_POS_00625,TRUCK_035,2025-10-16T04:11:07Z,76,35,-38.77708548622322,-61.834053986848495
CF_POS_00626,TRUCK_044,2025-10-20T16:41:07Z,61,28,-36.84229676422773,-66.60420623410553
CF_POS_00627,TRUCK_022,2025-10-19T10:14:07Z,71,46,-29.355052337342777,-68.7482192339064
CF_POS_00628,TRUCK_015,2025-10-16T18:49:07Z,64,43,-36.739472315640505,-67.76565999068889
CF_POS_00629,TRUCK_031,2025-10-15T09:55:07Z,6,39,-29.107838414337017,-64.97291664889998
CF_POS_00630,TRUCK_022,2025-10-17T15:12:07Z,61,99,-29.333367359552096,-66.00238211274812
CF_POS_00631,TRUCK_048,2025-10-17T05:53:07Z,20,64,-33.78709804420422,-61.805208488731935
CF_POS_00632,TRUCK_040,2025-10-16T22:31:07Z,118,25,-35.48302421559412,-61.60185911985356
CF_POS_00633,TRUCK_038,2025-10-19T17:15:07Z,12,91,-32.13115625625278,-60.92067157616253
CF_POS_00634,TRUCK_033,2025-10-14T15:52:07Z,50,73,-32.40023983546786,-63.57988519880208
CF_POS_00635,TRUCK_009,2025-10-14T13:22:07Z,98,46,-36.90400838997479,-64.70117218270349
CF_POS_00636,TRUCK_037,2025-10-13T15:43:07Z,39,67,-32.42995296645466,-62.50130232744763
CF_POS_00637,TRUCK_010,2025-10-19T04:15:07Z,63,64,-29.89583797182447,-68.33088413695658
CF_POS_00638,TRUCK_033,2025-10-19T09:29:07Z,94,96,-33.22277051987752,-67.27948096801498
CF_POS_00639,TRUCK_018,2025-10-18T23:44:07Z,32,46,-31.29921032731445,-63.51884709032145
CF_POS_00640,TRUCK_050,2025-10-16T18:18:07Z,9,39,-29.468147173901116,-65.70643725316067
CF_POS_00641,TRUCK_005,2025-10-18T15:44:07Z,69,33,-30.6373844169349,-60.005138082875845
CF_POS_00642,TRUCK_048,2025-10-19T20:00:07Z,34,77,-36.52506453992375,-63.14691748282232
CF_POS_00643,TRUCK_030,2025-10-16T22:08:07Z,107,60,-29.30913957361432,-63.582630185700175
CF_POS_00644,TRUCK_022,2025-10-17T10:08:07Z,25,60,-36.96439500939034,-59.89572698013525
CF_POS_00645,TRUCK_045,2025-10-18T07:44:07Z,54,43,-36.28680599833009,-63.75224988834455
CF_POS_00646,TRUCK_030,2025-10-17T11:46:07Z,83,64,-35.682451738590125,-60.49687695087238
CF_POS_00647,TRUCK_024,2025-10-15T12:48:07Z,96,67,-33.0138547936903,-65.23805754777887
CF_POS_00648,TRUCK_013,2025-10-15T15:43:07Z,73,53,-37.8206321192351,-63.428963976974025
CF_POS_00649,TRUCK_048,2025-10-14T10:18:07Z,42,59,-35.14243850987007,-63.984199385503494
CF_POS_00650,TRUCK_008,2025-10-20T03:57:07Z,67,33,-31.511617638902727,-67.74371795379474
CF_POS_00651,TRUCK_003,2025-10-14T21:02:07Z,116,34,-38.55831654334934,-65.34468246414522
CF_POS_00652,TRUCK_003,2025-10-15T04:05:07Z,20,99,-33.327004166503116,-67.37887755582155
CF_POS_00653,TRUCK_014,2025-10-20T22:01:07Z,93,98,-32.31386534432427,-64.3641929045465
CF_POS_00654,TRUCK_017,2025-10-21T05:32:07Z,94,37,-31.847018965805013,-60.27806460374282
CF_POS_00655,TRUCK_025,2025-10-20T06:17:07Z,37,100,-33.48054066737246,-63.11007270815583
CF_POS_00656,TRUCK_009,2025-10-14T03:46:07Z,37,19,-38.8061377700606,-62.98353071583362
CF_POS_00657,TRUCK_037,2025-10-13T16:37:07Z,47,40,-37.74392359181983,-62.248966209766564
CF_POS_00658,TRUCK_004,2025-10-19T15:33:07Z,36,57,-34.539333562411656,-62.95489812020932
CF_POS_00659,TRUCK_009,2025-10-17T00:18:07Z,80,34,-37.51215075481689,-65.87777805931734
CF_POS_00660,TRUCK_005,2025-10-16T16:22:07Z,53,85,-35.646548224216836,-66.59272902088279
CF_POS_00661,TRUCK_019,2025-10-18T01:57:07Z,84,91,-36.23828334166776,-62.52342565715298
CF_POS_00662,TRUCK_046,2025-10-16T20:46:07Z,69,44,-37.38054005743621,-68.21383048088681
CF_POS_00663,TRUCK_017,2025-10-21T11:51:07Z,78,83,-34.19818391370764,-66.6442108489642
CF_POS_00664,TRUCK_032,2025-10-17T09:34:07Z,70,46,-37.27025524332326,-64.42909530787773
CF_POS_00665,TRUCK_015,2025-10-14T20:13:07Z,111,23,-32.95524268665924,-65.35483116710137
CF_POS_00666,TRUCK_002,2025-10-14T14:53:07Z,68,84,-32.78952112917194,-59.201687686418076
CF_POS_00667,TRUCK_012,2025-10-20T11:04:07Z,19,18,-33.033446082480424,-61.748925022996794
CF_POS_00668,TRUCK_014,2025-10-20T08:51:07Z,45,13,-33.844141107493044,-59.599864795410305
CF_POS_00669,TRUCK_042,2025-10-16T01:07:07Z,118,96,-35.26039480008378,-66.03544736814646
CF_POS_00670,TRUCK_007,2025-10-15T04:45:07Z,37,10,-32.7690324358121,-59.81654014497694
CF_POS_00671,TRUCK_035,2025-10-19T06:28:07Z,90,26,-33.711786533988686,-60.074407637042896
CF_POS_00672,TRUCK_028,2025-10-13T14:11:07Z,52,77,-31.528434104488873,-63.621909704355716
CF_POS_00673,TRUCK_033,2025-10-14T23:50:07Z,0,51,-34.46902252525551,-65.97155068728081
CF_POS_00674,TRUCK_027,2025-10-14T15:04:07Z,73,15,-35.59200784508158,-60.17458023539453
CF_POS_00675,TRUCK_030,2025-10-15T11:47:07Z,58,47,-32.6996123811194,-60.727116843119305
CF_POS_00676,TRUCK_030,2025-10-20T15:39:07Z,73,37,-38.33110603959707,-61.24454850767907
CF_POS_00677,TRUCK_031,2025-10-18T23:05:07Z,52,16,-37.723645148790965,-68.02046916072126
CF_POS_00678,TRUCK_009,2025-10-21T09:08:07Z,67,82,-37.87781864264724,-62.738037536704326
CF_POS_00679,TRUCK_018,2025-10-20T13:45:07Z,58,67,-30.5845785993694,-61.73287893138709
CF_POS_00680,TRUCK_017,2025-10-14T20:48:07Z,79,55,-31.890236605466363,-67.00516437602998
CF_POS_00681,TRUCK_009,2025-10-17T20:32:07Z,114,66,-30.75289796810722,-62.63485801633999
CF_POS_00682,TRUCK_019,2025-10-18T23:17:07Z,30,83,-33.51423073020242,-65.66843274643463
CF_POS_00683,TRUCK_005,2025-10-14T22:13:07Z,18,19,-31.888930374235713,-59.94787398518602
CF_POS_00684,TRUCK_028,2025-10-17T16:33:07Z,36,23,-32.12476879472881,-65.25275648242973
CF_POS_00685,TRUCK_013,2025-10-20T01:39:07Z,82,54,-36.42772057214684,-66.86062851343337
CF_POS_00686,TRUCK_049,2025-10-18T01:40:07Z,19,71,-37.54602985899729,-62.90043322859995
CF_POS_00687,TRUCK_020,2025-10-21T07:59:07Z,49,37,-29.908674712357914,-64.48317892340714
CF_POS_00688,TRUCK_013,2025-10-20T17:08:07Z,2,16,-34.79122546589633,-59.386357865929924
CF_POS_00689,TRUCK_029,2025-10-15T13:33:07Z,52,81,-34.229681475785945,-60.645507999335095
CF_POS_00690,TRUCK_050,2025-10-17T05:34:07Z,120,32,-35.79813844677187,-66.45726823572898
CF_POS_00691,TRUCK_030,2025-10-17T06:30:07Z,43,26,-36.77764340878914,-67.05841148743893
CF_POS_00692,TRUCK_022,2025-10-16T17:12:07Z,95,73,-29.02145294124709,-63.89696523353772
CF_POS_00693,TRUCK_032,2025-10-19T12:44:07Z,48,88,-37.36849901613589,-63.40724136121989
CF_POS_00694,TRUCK_001,2025-10-20T23:40:07Z,0,41,-35.4896894439601,-64.21289770855012
CF_POS_00695,TRUCK_013,2025-10-20T09:18:07Z,43,57,-38.535247296850955,-68.12440716715258
CF_POS_00696,TRUCK_016,2025-10-16T07:00:07Z,55,50,-35.00850876420734,-63.36427836899332
CF_POS_00697,TRUCK_006,2025-10-20T19:09:07Z,108,93,-37.622099552601966,-66.60202051363102
CF_POS_00698,TRUCK_004,2025-10-18T20:28:07Z,24,88,-35.574361703984465,-61.34216125318811
CF_POS_00699,TRUCK_023,2025-10-19T05:33:07Z,118,39,-33.17619416716242,-59.17014906121741
CF_POS_00700,TRUCK_025,2025-10-14T22:24:07Z,29,76,-35.258321020505285,-65.74759435236177
CF_POS_00701,TRUCK_003,2025-10-20T09:08:07Z,116,21,-33.428059665029906,-60.43749689515067
CF_POS_00702,TRUCK_032,2025-10-20T03:46:07Z,73,97,-34.84047528551015,-61.31742149501106
CF_POS_00703,TRUCK_050,2025-10-13T20:26:07Z,56,21,-36.983971173578325,-64.64301689546767
CF_POS_00704,TRUCK_031,2025-10-14T11:39:07Z,55,98,-30.539744740418705,-68.96784955916931
CF_POS_00705,TRUCK_019,2025-10-16T00:03:07Z,63,12,-34.24559733526901,-64.83859930248984
CF_POS_00706,TRUCK_034,2025-10-18T18:48:07Z,39,50,-31.411000411688175,-66.98106437590371
CF_POS_00707,TRUCK_026,2025-10-19T10:37:07Z,63,92,-29.528400736553223,-64.21106184022207
CF_POS_00708,TRUCK_018,2025-10-21T11:21:07Z,7,94,-32.251457184461216,-60.08015704983823
CF_POS_00709,TRUCK_024,2025-10-13T22:19:07Z,109,47,-29.16683123934181,-62.90469072305379
CF_POS_00710,TRUCK_026,2025-10-18T23:46:07Z,104,43,-29.411580338442015,-61.531051633099636
CF_POS_00711,TRUCK_002,2025-10-16T14:09:07Z,0,59,-34.91610467869126,-64.96777827236355
CF_POS_00712,TRUCK_031,2025-10-18T02:42:07Z,36,50,-30.870189993880167,-67.52936133993381
CF_POS_00713,TRUCK_028,2025-10-16T07:30:07Z,84,42,-33.702612377703474,-61.700332318292546
CF_POS_00714,TRUCK_007,2025-10-18T07:43:07Z,109,24,-38.764861701845156,-61.056673240892756
CF_POS_00715,TRUCK_048,2025-10-18T11:36:07Z,98,45,-32.525761243342835,-62.851279540040224
CF_POS_00716,TRUCK_017,2025-10-15T10:51:07Z,99,61,-32.425672284417956,-67.09804005458264
CF_POS_00717,TRUCK_031,2025-10-15T08:13:07Z,45,31,-31.242951455975177,-60.14232806630471
CF_POS_00718,TRUCK_045,2025-10-18T23:06:07Z,52,11,-38.399575073861854,-66.58932892264416
CF_POS_00719,TRUCK_006,2025-10-19T16:14:07Z,109,36,-32.20061352491066,-65.80355166560622
CF_POS_00720,TRUCK_024,2025-10-18T17:37:07Z,112,96,-34.56767873304197,-63.99043761737574
CF_POS_00721,TRUCK_048,2025-10-16T22:23:07Z,115,46,-31.685284581552615,-67.13685448493565
CF_POS_00722,TRUCK_030,2025-10-17T10:15:07Z,108,93,-29.547842467410334,-67.1210273743013
CF_POS_00723,TRUCK_020,2025-10-19T17:31:07Z,14,19,-38.19409908562147,-59.87956697447383
CF_POS_00724,TRUCK_024,2025-10-19T01:04:07Z,32,94,-34.581162615445464,-65.36400088053209
CF_POS_00725,TRUCK_016,2025-10-18T07:57:07Z,91,40,-29.275821742254195,-60.53936717740439
CF_POS_00726,TRUCK_007,2025-10-15T03:25:07Z,63,34,-30.972698853997546,-62.55073311412058
CF_POS_00727,TRUCK_014,2025-10-19T08:15:07Z,100,24,-37.909173597066335,-66.97402985183224
CF_POS_00728,TRUCK_005,2025-10-15T02:23:07Z,66,71,-30.223981520386054,-65.87350132857374
CF_POS_00729,TRUCK_026,2025-10-14T17:40:07Z,48,96,-35.098656111564,-60.008418399425565
CF_POS_00730,TRUCK_029,2025-10-20T10:46:07Z,1,83,-34.665014888329495,-64.41426965997532
CF_POS_00731,TRUCK_013,2025-10-21T04:51:07Z,83,29,-34.442784217076095,-61.31151251589473
CF_POS_00732,TRUCK_001,2025-10-16T00:09:07Z,38,69,-31.72704257747978,-66.27360115832535
CF_POS_00733,TRUCK_008,2025-10-18T03:57:07Z,109,98,-37.563650953869384,-59.66424526281824
CF_POS_00734,TRUCK_016,2025-10-15T11:06:07Z,120,78,-31.677410739446916,-66.74830142763214
CF_POS_00735,TRUCK_021,2025-10-21T02:13:07Z,43,97,-34.75213338588046,-64.32893392984892
CF_POS_00736,TRUCK_028,2025-10-14T00:59:07Z,13,30,-37.81450979526595,-66.76896223797011
CF_POS_00737,TRUCK_031,2025-10-14T09:09:07Z,69,84,-33.85464398766348,-59.36826083583162
CF_POS_00738,TRUCK_013,2025-10-17T03:25:07Z,51,71,-35.87778392843108,-61.276216781939674
CF_POS_00739,TRUCK_041,2025-10-13T19:09:07Z,108,79,-37.92774704484829,-61.97429854615834
CF_POS_00740,TRUCK_008,2025-10-18T12:42:07Z,82,37,-35.473174496546434,-60.69991819863505
CF_POS_00741,TRUCK_012,2025-10-17T15:35:07Z,40,44,-32.94779145112027,-63.28717935637248
CF_POS_00742,TRUCK_007,2025-10-14T02:00:07Z,109,23,-38.70700740543741,-64.2557944088531
CF_POS_00743,TRUCK_018,2025-10-16T02:14:07Z,94,34,-33.88540621736324,-65.00687005535403
CF_POS_00744,TRUCK_001,2025-10-16T13:01:07Z,73,14,-37.87683155319768,-68.82719579395514
CF_POS_00745,TRUCK_005,2025-10-16T03:54:07Z,5,51,-30.22680776342082,-66.07109917011843
CF_POS_00746,TRUCK_032,2025-10-19T14:18:07Z,73,26,-30.244528994136168,-65.46223923327605
CF_POS_00747,TRUCK_045,2025-10-15T14:57:07Z,115,31,-33.08475464698743,-63.53630932306257
CF_POS_00748,TRUCK_030,2025-10-16T21:56:07Z,66,71,-33.24130344230513,-68.25259837406556
CF_POS_00749,TRUCK_049,2025-10-17T13:13:07Z,104,61,-37.79435129421784,-67.65024364205114
CF_POS_00750,TRUCK_025,2025-10-13T15:05:07Z,52,69,-29.58904810251054,-65.69835727395002
CF_POS_00751,TRUCK_002,2025-10-20T16:15:07Z,13,50,-30.35718048641391,-63.86854552462904
CF_POS_00752,TRUCK_020,2025-10-16T18:48:07Z,63,40,-37.494329140763426,-66.54655291569559
CF_POS_00753,TRUCK_043,2025-10-20T17:57:07Z,116,25,-37.99516994236948,-65.8137710971705
CF_POS_00754,TRUCK_043,2025-10-21T10:47:07Z,3,10,-31.87093955913341,-68.91928190472886
CF_POS_00755,TRUCK_007,2025-10-20T20:52:07Z,35,76,-34.668511265600685,-59.97325632387819
CF_POS_00756,TRUCK_011,2025-10-18T08:34:07Z,65,34,-31.135942911657416,-64.2536902086443
CF_POS_00757,TRUCK_034,2025-10-17T12:32:07Z,40,63,-29.336363983668406,-64.50273263856414
CF_POS_00758,TRUCK_036,2025-10-18T09:56:07Z,5,92,-34.823726148200905,-67.47574528585807
CF_POS_00759,TRUCK_016,2025-10-20T11:49:07Z,100,79,-35.369921964749395,-60.74063361222895
CF_POS_00760,TRUCK_007,2025-10-21T05:44:07Z,52,56,-31.936131208140083,-67.55708068380541
CF_POS_00761,TRUCK_039,2025-10-14T10:27:07Z,83,40,-34.41149568565292,-65.14650066055236
CF_POS_00762,TRUCK_024,2025-10-19T08:40:07Z,119,39,-35.124584401869846,-68.06956024558185
CF_POS_00763,TRUCK_031,2025-10-15T20:31:07Z,65,87,-38.455352161211806,-62.19013314653517
CF_POS_00764,TRUCK_014,2025-10-18T22:05:07Z,64,24,-34.15558703003816,-59.68802614052955
CF_POS_00765,TRUCK_030,2025-10-18T11:27:07Z,55,99,-33.629292022156164,-60.52072657826153
CF_POS_00766,TRUCK_002,2025-10-14T04:20:07Z,54,36,-30.187493030284877,-62.99559198937591
CF_POS_00767,TRUCK_017,2025-10-18T05:27:07Z,5,25,-31.679748432773614,-63.933080960798605
CF_POS_00768,TRUCK_007,2025-10-20T17:08:07Z,87,18,-32.718129003251825,-61.83837058242645
CF_POS_00769,TRUCK_007,2025-10-15T05:36:07Z,17,29,-34.746090106012836,-64.3355627140991
CF_POS_00770,TRUCK_024,2025-10-21T09:46:07Z,24,38,-32.74484962656321,-66.66346024121148
CF_POS_00771,TRUCK_031,2025-10-16T23:01:07Z,118,22,-34.02656815778937,-60.08008155624802
CF_POS_00772,TRUCK_036,2025-10-16T08:15:07Z,7,26,-30.89727874645693,-67.27896313573774
CF_POS_00773,TRUCK_007,2025-10-17T07:30:07Z,61,47,-32.04413802548858,-61.635818464046345
CF_POS_00774,TRUCK_022,2025-10-14T21:50:07Z,82,30,-37.18841878477498,-59.841666610751915
CF_POS_00775,TRUCK_012,2025-10-14T16:03:07Z,62,88,-37.22249729211226,-65.92617426911796
CF_POS_00776,TRUCK_048,2025-10-16T06:14:07Z,99,28,-35.59174980050961,-63.27667211611483
CF_POS_00777,TRUCK_028,2025-10-18T11:28:07Z,97,32,-36.840871013882165,-62.37543714652591
CF_POS_00778,TRUCK_012,2025-10-20T09:08:07Z,113,57,-31.730585462384703,-62.984208195376354
CF_POS_00779,TRUCK_049,2025-10-14T19:51:07Z,41,54,-32.920307902315436,-65.12624596404491
CF_POS_00780,TRUCK_006,2025-10-19T19:04:07Z,96,35,-38.39156413279866,-62.14565259181265
CF_POS_00781,TRUCK_042,2025-10-17T12:54:07Z,20,16,-33.075843612185636,-63.5488153798491
CF_POS_00782,TRUCK_038,2025-10-18T00:34:07Z,114,92,-38.89097847987098,-59.215866370783644
CF_POS_00783,TRUCK_034,2025-10-17T01:51:07Z,105,100,-33.3542511237168,-64.14752160565395
CF_POS_00784,TRUCK_036,2025-10-20T03:13:07Z,48,50,-30.61621407472191,-64.88679096691219
CF_POS_00785,TRUCK_020,2025-10-16T11:26:07Z,116,64,-30.812873802252714,-64.1430889355489
CF_POS_00786,TRUCK_035,2025-10-13T20:10:07Z,86,47,-30.85642269226161,-66.20985029257109
CF_POS_00787,TRUCK_030,2025-10-16T04:34:07Z,106,32,-34.55899839739138,-59.52838365069394
CF_POS_00788,TRUCK_013,2025-10-21T07:41:07Z,59,14,-31.522819767795962,-63.60377644917768
CF_POS_00789,TRUCK_030,2025-10-15T05:04:07Z,76,88,-31.73788055585921,-66.31298373098365
CF_POS_00790,TRUCK_024,2025-10-14T03:34:07Z,39,36,-38.42564041003649,-60.553915345574964
CF_POS_00791,TRUCK_018,2025-10-17T03:33:07Z,69,87,-33.17547824644083,-64.29054253118937
CF_POS_00792,TRUCK_036,2025-10-20T08:07:07Z,82,58,-38.11383377495547,-66.1264496648769
CF_POS_00793,TRUCK_002,2025-10-19T06:32:07Z,107,70,-30.85421213283567,-62.867158456942164
CF_POS_00794,TRUCK_003,2025-10-17T00:03:07Z,28,95,-36.563671720815215,-62.08185124824013
CF_POS_00795,TRUCK_041,2025-10-16T11:12:07Z,72,14,-31.222656302693856,-64.68995479779673
CF_POS_00796,TRUCK_047,2025-10-13T18:34:07Z,11,45,-32.318162549267825,-68.23764707118397
CF_POS_00797,TRUCK_015,2025-10-21T08:17:07Z,83,36,-38.388909040041085,-63.97186148675041
CF_POS_00798,TRUCK_007,2025-10-17T18:09:07Z,26,94,-37.7856346230632,-60.530338746996684
CF_POS_00799,TRUCK_031,2025-10-17T07:19:07Z,100,99,-33.22093281481502,-60.84571221856362
CF_POS_00800,TRUCK_004,2025-10-21T06:26:07Z,91,55,-37.73714281024593,-60.248891795503766
CF_POS_00801,TRUCK_010,2025-10-19T08:52:07Z,84,10,-29.126850827401196,-62.037162971492286
CF_POS_00802,TRUCK_041,2025-10-13T15:25:07Z,61,72,-35.221931182262125,-59.95052302166098
CF_POS_00803,TRUCK_031,2025-10-21T10:25:07Z,19,98,-36.78764803783217,-65.89735856399875
CF_POS_00804,TRUCK_033,2025-10-14T02:40:07Z,104,48,-32.952819175890326,-64.88692164205901
CF_POS_00805,TRUCK_004,2025-10-16T07:47:07Z,106,42,-32.77843026614242,-68.15597722415629
CF_POS_00806,TRUCK_043,2025-10-20T09:38:07Z,47,57,-31.955366275818967,-66.5874223885847
CF_POS_00807,TRUCK_019,2025-10-17T07:48:07Z,44,22,-37.97449311945243,-63.209362528024265
CF_POS_00808,TRUCK_023,2025-10-14T12:38:07Z,50,57,-38.13200453984345,-59.5475569041397
CF_POS_00809,TRUCK_024,2025-10-15T10:42:07Z,98,100,-30.7837718808248,-65.04965138222941
CF_POS_00810,TRUCK_018,2025-10-13T15:20:07Z,10,40,-31.626520659096066,-60.338690365326826
CF_POS_00811,TRUCK_006,2025-10-13T14:26:07Z,93,96,-38.740446690938526,-67.73739577885851
CF_POS_00812,TRUCK_047,2025-10-20T14:53:07Z,113,28,-29.548933280285045,-67.17283628259027
CF_POS_00813,TRUCK_018,2025-10-19T15:50:07Z,52,51,-31.681576133729443,-60.49672467750629
CF_POS_00814,TRUCK_005,2025-10-18T08:07:07Z,63,24,-30.105152500004614,-59.154956992814
CF_POS_00815,TRUCK_008,2025-10-18T08:44:07Z,29,30,-34.264986874120964,-64.96991149967351
CF_POS_00816,TRUCK_011,2025-10-18T10:33:07Z,16,16,-30.997771829358854,-64.78268588591047
CF_POS_00817,TRUCK_013,2025-10-19T03:36:07Z,90,42,-37.26489505217596,-67.47323432947566
CF_POS_00818,TRUCK_008,2025-10-20T04:01:07Z,112,49,-38.30677589895863,-65.1663019074682
CF_POS_00819,TRUCK_026,2025-10-14T08:43:07Z,105,74,-35.48926243742658,-64.41647027945649
CF_POS_00820,TRUCK_047,2025-10-17T22:21:07Z,117,11,-33.505286548917326,-65.68802350060555
CF_POS_00821,TRUCK_046,2025-10-13T19:36:07Z,21,86,-35.26300070167609,-67.82655338501814
CF_POS_00822,TRUCK_020,2025-10-17T18:39:07Z,54,93,-30.93790834193932,-60.668890241080646
CF_POS_00823,TRUCK_017,2025-10-18T01:56:07Z,113,39,-34.22494577718755,-61.958888614515274
CF_POS_00824,TRUCK_004,2025-10-18T23:57:07Z,86,70,-31.229162643958524,-64.86337924411716
CF_POS_00825,TRUCK_019,2025-10-13T16:23:07Z,114,56,-33.46328814903964,-66.09371866566208
CF_POS_00826,TRUCK_015,2025-10-15T05:23:07Z,119,62,-33.238705549112694,-67.19200714680015
CF_POS_00827,TRUCK_031,2025-10-19T17:30:07Z,30,48,-32.75627528404984,-65.23514644360591
CF_POS_00828,TRUCK_043,2025-10-18T06:06:07Z,41,51,-34.25099504120202,-65.44704093307793
CF_POS_00829,TRUCK_014,2025-10-15T19:23:07Z,120,81,-32.36573209889958,-59.07236748712934
CF_POS_00830,TRUCK_038,2025-10-13T23:51:07Z,26,50,-33.147192956152026,-66.10551238024856
CF_POS_00831,TRUCK_025,2025-10-20T05:13:07Z,19,47,-35.04642557773797,-68.59061931691791
CF_POS_00832,TRUCK_019,2025-10-18T03:05:07Z,100,31,-37.84464277014756,-62.36847956380336
CF_POS_00833,TRUCK_045,2025-10-20T14:11:07Z,36,67,-35.14507271239172,-59.95634786963012
CF_POS_00834,TRUCK_046,2025-10-19T05:36:07Z,60,29,-32.1965003849823,-59.0641213946855
CF_POS_00835,TRUCK_042,2025-10-21T06:52:07Z,86,78,-37.76997454691818,-63.96345148388383
CF_POS_00836,TRUCK_009,2025-10-21T12:01:07Z,101,97,-30.34021370688869,-59.47977148767301
CF_POS_00837,TRUCK_024,2025-10-17T13:24:07Z,51,62,-34.1915201670008,-62.86371701842661
CF_POS_00838,TRUCK_050,2025-10-19T22:47:07Z,21,14,-30.22125855918786,-66.20863442328148
CF_POS_00839,TRUCK_030,2025-10-13T20:36:07Z,114,38,-33.11574271013616,-62.47134211971995
CF_POS_00840,TRUCK_045,2025-10-21T02:11:07Z,116,64,-29.7910511650365,-59.96941907424101
CF_POS_00841,TRUCK_015,2025-10-21T05:05:07Z,112,14,-38.9607597116851,-62.54039755674225
CF_POS_00842,TRUCK_049,2025-10-17T04:22:07Z,2,18,-32.791850320305954,-62.596180654409494
CF_POS_00843,TRUCK_035,2025-10-18T15:18:07Z,88,80,-29.72593264129283,-64.4085663296612
CF_POS_00844,TRUCK_043,2025-10-17T11:49:07Z,112,38,-33.78080771190254,-61.90855434176606
CF_POS_00845,TRUCK_010,2025-10-17T17:16:07Z,38,82,-29.742349307901037,-67.57500328008065
CF_POS_00846,TRUCK_048,2025-10-20T09:12:07Z,91,95,-33.09176750014417,-61.31161903660371
CF_POS_00847,TRUCK_038,2025-10-16T01:47:07Z,16,76,-29.6945714806524,-62.686963336911646
CF_POS_00848,TRUCK_016,2025-10-15T18:23:07Z,91,90,-34.047865344237195,-63.12006937797659
CF_POS_00849,TRUCK_008,2025-10-16T15:26:07Z,102,73,-37.228554384826694,-66.4186202291218
CF_POS_00850,TRUCK_035,2025-10-20T17:02:07Z,71,46,-37.342250751525555,-61.41872412064913
CF_POS_00851,TRUCK_041,2025-10-21T09:34:07Z,12,79,-31.397621731053484,-62.48825151940592
CF_POS_00852,TRUCK_008,2025-10-19T20:34:07Z,73,43,-30.4395972209725,-60.087459436880415
CF_POS_00853,TRUCK_027,2025-10-17T20:16:07Z,42,89,-29.308865402346576,-62.35343126215048
CF_POS_00854,TRUCK_014,2025-10-19T18:37:07Z,44,82,-32.988906029434034,-61.643462507591785
CF_POS_00855,TRUCK_030,2025-10-20T19:35:07Z,52,55,-36.33029435935735,-63.80322151237237
CF_POS_00856,TRUCK_032,2025-10-21T08:39:07Z,110,57,-36.680154914718926,-68.24409860811748
CF_POS_00857,TRUCK_021,2025-10-18T17:37:07Z,81,79,-38.25031899242135,-63.305865888641456
CF_POS_00858,TRUCK_018,2025-10-19T17:57:07Z,72,52,-38.16360466952461,-67.09914268064787
CF_POS_00859,TRUCK_044,2025-10-13T15:42:07Z,23,87,-36.188660906416295,-59.765505605698365
CF_POS_00860,TRUCK_012,2025-10-16T22:05:07Z,117,74,-33.05733274120352,-61.69474553530614
CF_POS_00861,TRUCK_031,2025-10-14T03:18:07Z,51,90,-34.76102442600248,-59.54990508266882
CF_POS_00862,TRUCK_045,2025-10-15T23:59:07Z,61,27,-33.51156019548609,-63.942061431956205
CF_POS_00863,TRUCK_039,2025-10-18T10:32:07Z,119,61,-34.01233027321972,-67.18709176131944
CF_POS_00864,TRUCK_045,2025-10-20T23:36:07Z,2,11,-34.007275971237135,-68.77873344165522
CF_POS_00865,TRUCK_035,2025-10-20T17:45:07Z,50,78,-33.22953129002611,-65.44317838036444
CF_POS_00866,TRUCK_004,2025-10-13T18:13:07Z,97,88,-30.55866621960375,-59.79926982576675
CF_POS_00867,TRUCK_015,2025-10-18T08:25:07Z,86,80,-32.981013767606626,-63.00768918562484
CF_POS_00868,TRUCK_013,2025-10-17T17:40:07Z,106,72,-36.27440530130226,-66.08559119488822
CF_POS_00869,TRUCK_032,2025-10-15T01:48:07Z,85,82,-29.053247109286353,-63.84650287132661
CF_POS_00870,TRUCK_039,2025-10-16T22:14:07Z,80,41,-31.268950938345696,-66.1729338920421
CF_POS_00871,TRUCK_043,2025-10-14T13:01:07Z,19,53,-37.59793574807108,-64.65747335524287
CF_POS_00872,TRUCK_044,2025-10-13T14:45:07Z,41,37,-37.448461186840866,-60.83376777796569
CF_POS_00873,TRUCK_045,2025-10-15T13:53:07Z,65,91,-33.11652006703984,-67.91094536785343
CF_POS_00874,TRUCK_023,2025-10-20T12:36:07Z,89,17,-31.67079333504851,-62.625896422317695
CF_POS_00875,TRUCK_029,2025-10-15T19:27:07Z,36,27,-37.84478072278432,-67.85984526787988
CF_POS_00876,TRUCK_019,2025-10-16T16:02:07Z,63,49,-38.033093421279574,-67.83449558215955
CF_POS_00877,TRUCK_037,2025-10-19T00:03:07Z,10,88,-33.440928439719066,-62.112559853242395
CF_POS_00878,TRUCK_011,2025-10-20T02:55:07Z,78,22,-38.32368302374814,-63.36867833652175
CF_POS_00879,TRUCK_043,2025-10-14T13:23:07Z,118,94,-29.596034687894903,-68.47435753582975
CF_POS_00880,TRUCK_045,2025-10-14T14:41:07Z,25,79,-30.725966479429495,-61.50172991971973
CF_POS_00881,TRUCK_042,2025-10-14T15:55:07Z,70,15,-33.210412093297705,-64.53186885959794
CF_POS_00882,TRUCK_047,2025-10-14T05:22:07Z,54,34,-34.22170613239942,-65.0979130890167
CF_POS_00883,TRUCK_045,2025-10-19T12:37:07Z,60,26,-29.776027644134185,-59.20420122105835
CF_POS_00884,TRUCK_033,2025-10-17T18:42:07Z,47,78,-33.559089726076024,-67.56154813117082
CF_POS_00885,TRUCK_049,2025-10-15T09:34:07Z,103,17,-32.64940446378146,-68.9037623609435
CF_POS_00886,TRUCK_016,2025-10-19T13:11:07Z,11,67,-31.497734452569006,-66.52487011792411
CF_POS_00887,TRUCK_020,2025-10-13T16:54:07Z,82,49,-30.86479057923378,-66.31648393393277
CF_POS_00888,TRUCK_001,2025-10-16T15:01:07Z,82,82,-34.22310042651334,-68.35549339742758
CF_POS_00889,TRUCK_038,2025-10-16T22:45:07Z,84,66,-30.86854533185243,-60.16374193053022
CF_POS_00890,TRUCK_002,2025-10-20T03:16:07Z,104,95,-31.738989281366756,-67.47994543317239
CF_POS_00891,TRUCK_005,2025-10-17T17:27:07Z,29,36,-30.901108295449937,-62.17472677291214
CF_POS_00892,TRUCK_048,2025-10-20T07:51:07Z,45,86,-36.72827319656469,-63.25042793364956
CF_POS_00893,TRUCK_048,2025-10-15T02:34:07Z,48,99,-32.122849663586685,-61.517881084151135
CF_POS_00894,TRUCK_018,2025-10-20T20:15:07Z,117,40,-30.473177455744636,-61.677174235162525
CF_POS_00895,TRUCK_031,2025-10-17T04:13:07Z,112,41,-32.36478473580601,-61.79744004003281
CF_POS_00896,TRUCK_026,2025-10-17T01:33:07Z,68,70,-38.42228018214487,-68.30386297151783
CF_POS_00897,TRUCK_012,2025-10-19T03:22:07Z,26,27,-33.593771755675874,-63.956379402582684
CF_POS_00898,TRUCK_015,2025-10-19T01:05:07Z,19,28,-31.55482297743456,-68.13714732860763
CF_POS_00899,TRUCK_005,2025-10-17T17:12:07Z,57,80,-36.139847836022504,-66.89396826666173
CF_POS_00900,TRUCK_017,2025-10-20T14:15:07Z,119,20,-36.44714414882156,-66.33095011480985
CF_POS_00901,TRUCK_038,2025-10-14T03:41:07Z,12,78,-31.673302348744727,-61.331502023152396
CF_POS_00902,TRUCK_008,2025-10-16T10:34:07Z,98,45,-33.91953438166775,-63.77417242267321
CF_POS_00903,TRUCK_008,2025-10-21T06:04:07Z,118,65,-29.69291556620027,-62.12974023721027
CF_POS_00904,TRUCK_036,2025-10-19T19:10:07Z,30,21,-32.9766783713307,-63.007432993244244
CF_POS_00905,TRUCK_010,2025-10-19T09:10:07Z,17,87,-36.64503038033167,-60.57266878397903
CF_POS_00906,TRUCK_030,2025-10-17T14:28:07Z,56,96,-37.0536748361889,-65.03362775270041
CF_POS_00907,TRUCK_005,2025-10-19T11:36:07Z,100,46,-36.64847889030689,-64.33488415407832
CF_POS_00908,TRUCK_007,2025-10-20T06:00:07Z,34,12,-38.30344605185889,-66.95494288438358
CF_POS_00909,TRUCK_049,2025-10-16T14:35:07Z,100,85,-37.38303991438392,-67.32373373857922
CF_POS_00910,TRUCK_003,2025-10-20T19:37:07Z,38,92,-32.74027949682017,-59.681554431890795
CF_POS_00911,TRUCK_013,2025-10-19T18:52:07Z,21,84,-32.73203237285968,-68.66106225952274
CF_POS_00912,TRUCK_046,2025-10-14T18:19:07Z,12,63,-35.345704171370876,-62.61978667323213
CF_POS_00913,TRUCK_007,2025-10-18T10:40:07Z,50,19,-35.11109648083142,-59.135211028558565
CF_POS_00914,TRUCK_047,2025-10-18T11:53:07Z,103,26,-32.9104375802033,-62.748592597925054
CF_POS_00915,TRUCK_029,2025-10-17T12:01:07Z,109,25,-35.3845623240561,-62.314362334101105
CF_POS_00916,TRUCK_038,2025-10-18T15:55:07Z,18,96,-37.099995743454684,-59.931995252123315
CF_POS_00917,TRUCK_011,2025-10-18T07:49:07Z,15,97,-32.25658742731652,-59.20365186879583
CF_POS_00918,TRUCK_008,2025-10-15T23:59:07Z,43,98,-34.73888308994061,-59.34710745753787
CF_POS_00919,TRUCK_031,2025-10-14T05:31:07Z,42,10,-32.58983990304862,-65.6710574075533
CF_POS_00920,TRUCK_030,2025-10-19T23:32:07Z,113,25,-33.41161349738956,-59.698915532557805
CF_POS_00921,TRUCK_010,2025-10-14T17:28:07Z,47,63,-29.447668723776445,-66.67576478883477
CF_POS_00922,TRUCK_010,2025-10-16T14:38:07Z,45,45,-29.02564607260231,-68.12404457465634
CF_POS_00923,TRUCK_028,2025-10-14T05:15:07Z,99,94,-34.78510164014422,-61.31901074279413
CF_POS_00924,TRUCK_004,2025-10-18T10:59:07Z,74,35,-38.02770306749338,-68.61603778492352
CF_POS_00925,TRUCK_024,2025-10-20T14:01:07Z,95,25,-37.84551880691437,-64.66153706742818
CF_POS_00926,TRUCK_030,2025-10-14T18:21:07Z,35,99,-30.22880442040671,-66.70309377500105
CF_POS_00927,TRUCK_044,2025-10-19T06:31:07Z,117,30,-33.812916595205735,-62.527698940514256
CF_POS_00928,TRUCK_048,2025-10-14T17:28:07Z,39,29,-29.212908217390208,-66.63873550016024
CF_POS_00929,TRUCK_047,2025-10-14T11:16:07Z,108,39,-36.57529593549958,-61.77555151062683
CF_POS_00930,TRUCK_050,2025-10-17T09:17:07Z,75,27,-29.034205477841617,-68.63943305998833
CF_POS_00931,TRUCK_019,2025-10-19T07:02:07Z,38,63,-31.76905482467607,-61.6649699643817
CF_POS_00932,TRUCK_014,2025-10-14T15:39:07Z,42,11,-37.7626394449072,-62.41783091839443
CF_POS_00933,TRUCK_050,2025-10-20T05:10:07Z,32,73,-36.682326443054144,-64.90442940851722
CF_POS_00934,TRUCK_047,2025-10-17T18:38:07Z,38,86,-35.74445037946807,-63.474955336419015
CF_POS_00935,TRUCK_039,2025-10-14T17:52:07Z,17,48,-32.45823685878559,-62.617753681406555
CF_POS_00936,TRUCK_036,2025-10-16T08:05:07Z,109,90,-32.50783316948692,-65.30009814396385
CF_POS_00937,TRUCK_001,2025-10-18T06:53:07Z,46,89,-38.80948261332461,-60.14682891897826
CF_POS_00938,TRUCK_047,2025-10-18T06:43:07Z,69,36,-29.29240080539072,-68.27567933307068
CF_POS_00939,TRUCK_004,2025-10-20T08:15:07Z,10,82,-32.88021514760709,-65.99007434205434
CF_POS_00940,TRUCK_022,2025-10-16T02:32:07Z,94,92,-31.3054840956912,-59.110038167181166
CF_POS_00941,TRUCK_024,2025-10-21T08:34:07Z,92,12,-31.766402117631454,-59.326040801816966
CF_POS_00942,TRUCK_017,2025-10-16T02:38:07Z,44,64,-33.93978384660842,-60.87211642117461
CF_POS_00943,TRUCK_009,2025-10-15T22:03:07Z,27,47,-31.014425830782784,-65.32720923379381
CF_POS_00944,TRUCK_017,2025-10-20T16:08:07Z,7,97,-36.25074966124816,-64.84410995732921
CF_POS_00945,TRUCK_045,2025-10-17T22:43:07Z,114,69,-34.66932159180074,-66.87876125187009
CF_POS_00946,TRUCK_033,2025-10-16T13:04:07Z,103,37,-34.711552245723155,-63.97122692280755
CF_POS_00947,TRUCK_032,2025-10-16T03:32:07Z,76,96,-32.84738343095097,-64.61201055574954
CF_POS_00948,TRUCK_028,2025-10-15T05:23:07Z,113,10,-32.774914943140885,-68.00016265903245
CF_POS_00949,TRUCK_037,2025-10-20T14:43:07Z,2,100,-33.274978086900624,-64.86122606598953
CF_POS_00950,TRUCK_030,2025-10-18T00:40:07Z,32,56,-38.99297256992095,-65.9243428569003
CF_POS_00951,TRUCK_023,2025-10-18T17:00:07Z,77,36,-34.66898479733846,-63.82593024396232
CF_POS_00952,TRUCK_012,2025-10-14T08:45:07Z,13,100,-34.701490046477545,-60.05380809379666
CF_POS_00953,TRUCK_017,2025-10-15T18:19:07Z,70,13,-34.3583738557732,-61.12656604344245
CF_POS_00954,TRUCK_029,2025-10-21T08:48:07Z,106,74,-35.57853286150532,-61.63351440425078
CF_POS_00955,TRUCK_050,2025-10-20T22:06:07Z,54,96,-29.794619761258943,-67.98338447801099
CF_POS_00956,TRUCK_041,2025-10-15T02:53:07Z,69,18,-35.310885111400346,-62.79321903016006
CF_POS_00957,TRUCK_026,2025-10-14T16:48:07Z,64,16,-32.34277455512965,-66.8894970347665
CF_POS_00958,TRUCK_047,2025-10-13T19:18:07Z,2,28,-36.09070993375895,-60.317391960565615
CF_POS_00959,TRUCK_045,2025-10-20T01:26:07Z,54,80,-36.29785575693628,-67.14216113897695
CF_POS_00960,TRUCK_022,2025-10-14T16:58:07Z,86,33,-35.69419794991243,-59.46500879874531
CF_POS_00961,TRUCK_028,2025-10-14T11:32:07Z,111,36,-33.1287294982439,-60.0317941309752
CF_POS_00962,TRUCK_006,2025-10-16T03:59:07Z,35,46,-29.554096065713935,-66.34109079994167
CF_POS_00963,TRUCK_001,2025-10-15T12:47:07Z,34,11,-33.63335262158599,-59.83313108418547
CF_POS_00964,TRUCK_049,2025-10-17T15:36:07Z,4,29,-32.28188389961829,-64.66163554158021
CF_POS_00965,TRUCK_030,2025-10-13T14:00:07Z,115,69,-38.19372545367991,-64.0958379156284
CF_POS_00966,TRUCK_025,2025-10-18T12:56:07Z,105,84,-31.801540419315202,-63.47864206941851
CF_POS_00967,TRUCK_015,2025-10-19T16:41:07Z,47,82,-29.393980929270164,-59.888741850232634
CF_POS_00968,TRUCK_027,2025-10-18T06:28:07Z,42,86,-32.43748982040984,-65.83469769980607
CF_POS_00969,TRUCK_026,2025-10-17T01:13:07Z,58,98,-37.63267998263507,-68.66205544369302
CF_POS_00970,TRUCK_046,2025-10-20T19:50:07Z,108,39,-29.868436154040538,-63.5615874206231
CF_POS_00971,TRUCK_019,2025-10-20T09:22:07Z,50,88,-29.646607257793974,-59.461462019082155
CF_POS_00972,TRUCK_045,2025-10-17T11:47:07Z,56,18,-35.93440255182721,-66.98267555328657
CF_POS_00973,TRUCK_019,2025-10-18T10:59:07Z,17,39,-33.787826635149855,-60.88970304750474
CF_POS_00974,TRUCK_025,2025-10-21T11:15:07Z,20,21,-38.89394565574973,-62.67759540091454
CF_POS_00975,TRUCK_018,2025-10-16T21:03:07Z,70,25,-38.60815739975445,-66.51362875638124
CF_POS_00976,TRUCK_017,2025-10-14T12:13:07Z,77,98,-33.489178243286695,-67.20269978752799
CF_POS_00977,TRUCK_007,2025-10-20T06:10:07Z,63,15,-33.205931884217115,-62.89416818058903
CF_POS_00978,TRUCK_016,2025-10-17T01:26:07Z,23,49,-35.68620834301688,-67.64488854499102
CF_POS_00979,TRUCK_045,2025-10-19T02:46:07Z,101,89,-38.64006845378202,-66.01577734477708
CF_POS_00980,TRUCK_025,2025-10-14T22:07:07Z,110,75,-29.76038682181231,-59.74713854816107
CF_POS_00981,TRUCK_046,2025-10-18T19:21:07Z,95,89,-35.94243431189209,-64.55412598511299
CF_POS_00982,TRUCK_036,2025-10-20T14:39:07Z,57,61,-37.97741858489978,-63.31273063183732
CF_POS_00983,TRUCK_039,2025-10-18T11:25:07Z,102,69,-32.91007048128037,-64.39998050506857
CF_POS_00984,TRUCK_026,2025-10-20T19:20:07Z,8,72,-37.89838364962356,-66.58095399463305
CF_POS_00985,TRUCK_008,2025-10-20T12:14:07Z,34,15,-38.0124968626484,-60.63939892901304
CF_POS_00986,TRUCK_001,2025-10-15T06:03:07Z,29,19,-37.17542781352407,-67.7711411181029
CF_POS_00987,TRUCK_006,2025-10-14T18:36:07Z,24,58,-36.19482891892788,-61.494803177385435
CF_POS_00988,TRUCK_006,2025-10-17T05:59:07Z,93,36,-32.575507258026306,-59.75179172094423
CF_POS_00989,TRUCK_048,2025-10-18T11:45:07Z,12,88,-32.12478816841251,-66.7347300745758
CF_POS_00990,TRUCK_040,2025-10-18T16:32:07Z,53,26,-38.217964296771754,-64.8214315145794
CF_POS_00991,TRUCK_045,2025-10-17T13:37:07Z,69,55,-37.600726374642285,-63.985619830714484
CF_POS_00992,TRUCK_008,2025-10-15T16:11:07Z,100,61,-37.285313831436284,-62.171010641383994
CF_POS_00993,TRUCK_039,2025-10-21T12:17:07Z,44,45,-35.49171416285954,-66.51903191892372
CF_POS_00994,TRUCK_012,2025-10-21T12:11:07Z,44,62,-31.354773379850695,-67.80644101714252
CF_POS_00995,TRUCK_026,2025-10-19T21:27:07Z,84,96,-29.77243390275765,-67.09710940011955
CF_POS_00996,TRUCK_038,2025-10-13T18:29:07Z,62,69,-37.826871140055175,-67.02357862042675
CF_POS_00997,TRUCK_023,2025-10-18T11:41:07Z,56,95,-35.87984452950679,-68.72677440340435
CF_POS_00998,TRUCK_038,2025-10-16T11:23:07Z,115,63,-37.26360076759224,-65.11629693217617
CF_POS_00999,TRUCK_027,2025-10-14T09:47:07Z,15,20,-33.00326270213517,-61.68195810262108
CF_POS_01000,TRUCK_019,2025-10-15T14:02:07Z,62,72,-36.591602291796896,-63.09344465763381
