metric_id,vehicle_vin,timestamp_utc,engine_temperature_celsius,fuel_level_liters,velocity_kmh,engine_rpm,total_km
SCANIA_M_00001,TRUCK_025,2025-10-17T06:00:07Z,103,75.62541653650547,49,1793,297004
SCANIA_M_00002,TRUCK_013,2025-10-19T10:38:07Z,93,33.15190436841563,102,809,171050
SCANIA_M_00003,TRUCK_004,2025-10-17T05:56:07Z,96,57.440877794215766,114,1205,431801
SCANIA_M_00004,TRUCK_019,2025-10-16T20:37:07Z,101,46.55679488459531,115,1675,356680
SCANIA_M_00005,TRUCK_001,2025-10-19T10:15:07Z,92,36.97599240068434,41,832,98391
SCANIA_M_00006,TRUCK_044,2025-10-17T12:37:07Z,72,53.49314104465138,15,1775,467158
SCANIA_M_00007,TRUCK_047,2025-10-15T22:22:07Z,77,92.13221230405753,103,2179,316777
SCANIA_M_00008,TRUCK_024,2025-10-20T05:48:07Z,72,50.537804168319454,87,1426,398943
SCANIA_M_00009,TRUCK_035,2025-10-17T11:48:07Z,72,24.091111706182403,54,2046,93758
SCANIA_M_00010,TRUCK_023,2025-10-13T23:50:07Z,85,61.87846681432006,46,1578,55177
SCANIA_M_00011,TRUCK_014,2025-10-20T00:52:07Z,103,10.051012450121858,81,998,132422
SCANIA_M_00012,TRUCK_043,2025-10-20T11:17:07Z,99,85.81127037617412,111,1468,400048
SCANIA_M_00013,TRUCK_050,2025-10-16T10:56:07Z,76,75.63394663904326,41,1597,158288
SCANIA_M_00014,TRUCK_004,2025-10-17T22:41:07Z,71,30.194996086219696,21,2130,99306
SCANIA_M_00015,TRUCK_039,2025-10-16T10:25:07Z,99,91.42348035996788,27,1232,283255
SCANIA_M_00016,TRUCK_034,2025-10-15T15:30:07Z,88,86.22770756825099,12,2084,132787
SCANIA_M_00017,TRUCK_021,2025-10-16T16:56:07Z,70,94.56123824741069,36,1250,112558
SCANIA_M_00018,TRUCK_043,2025-10-17T14:49:07Z,93,81.43005598077009,64,1279,297993
SCANIA_M_00019,TRUCK_040,2025-10-18T10:10:07Z,81,53.0456977973448,52,1048,287631
SCANIA_M_00020,TRUCK_038,2025-10-14T22:54:07Z,95,52.30072083779438,46,1937,79942
SCANIA_M_00021,TRUCK_040,2025-10-14T07:43:07Z,96,25.120084028345865,87,806,265896
SCANIA_M_00022,TRUCK_043,2025-10-21T10:05:07Z,101,89.71420219858565,89,945,274242
SCANIA_M_00023,TRUCK_047,2025-10-21T05:42:07Z,90,71.21701873988181,44,1852,65295
SCANIA_M_00024,TRUCK_034,2025-10-13T17:54:07Z,72,34.3133088125164,4,1436,76912
SCANIA_M_00025,TRUCK_017,2025-10-19T08:47:07Z,82,87.98245092148721,111,959,90344
SCANIA_M_00026,TRUCK_009,2025-10-17T19:15:07Z,81,24.212522344707857,57,1783,193437
SCANIA_M_00027,TRUCK_045,2025-10-15T23:00:07Z,87,54.22798753660569,103,1703,198596
SCANIA_M_00028,TRUCK_013,2025-10-19T10:44:07Z,94,61.76552417984759,28,1939,188235
SCANIA_M_00029,TRUCK_046,2025-10-13T23:24:07Z,75,24.75024512955811,50,1967,325728
SCANIA_M_00030,TRUCK_014,2025-10-16T10:17:07Z,95,63.274865748631534,29,1688,54953
SCANIA_M_00031,TRUCK_037,2025-10-18T12:49:07Z,74,56.20428975421016,7,1877,235933
SCANIA_M_00032,TRUCK_036,2025-10-15T05:19:07Z,70,86.66330481380402,110,1730,168516
SCANIA_M_00033,TRUCK_004,2025-10-16T16:21:07Z,92,12.555692662991706,80,1845,407878
SCANIA_M_00034,TRUCK_021,2025-10-14T11:25:07Z,83,65.90385666438453,39,914,95410
SCANIA_M_00035,TRUCK_037,2025-10-15T04:26:07Z,94,23.19553838319579,64,2043,253317
SCANIA_M_00036,TRUCK_039,2025-10-17T16:25:07Z,80,45.448014456519324,47,835,121163
SCANIA_M_00037,TRUCK_036,2025-10-15T17:27:07Z,83,55.89299321992784,50,1570,302369
SCANIA_M_00038,TRUCK_005,2025-10-19T10:56:07Z,70,55.027049949340814,51,1123,346619
SCANIA_M_00039,TRUCK_020,2025-10-20T00:37:07Z,102,48.869298588642316,5,1653,466896
SCANIA_M_00040,TRUCK_019,2025-10-17T05:48:07Z,102,26.10544036233474,32,2116,143328
SCANIA_M_00041,TRUCK_041,2025-10-20T22:18:07Z,82,69.51328516710062,98,1396,155993
SCANIA_M_00042,TRUCK_014,2025-10-14T14:42:07Z,78,44.063880191270094,74,849,420781
SCANIA_M_00043,TRUCK_002,2025-10-18T13:39:07Z,83,10.912612897587232,90,2027,351683
SCANIA_M_00044,TRUCK_013,2025-10-14T03:12:07Z,104,27.824813763195092,106,1436,153750
SCANIA_M_00045,TRUCK_008,2025-10-14T15:38:07Z,76,40.067380151867546,3,2174,313308
SCANIA_M_00046,TRUCK_001,2025-10-19T19:19:07Z,102,95.39753197955793,102,815,483054
SCANIA_M_00047,TRUCK_047,2025-10-18T06:36:07Z,86,36.286128325717215,69,1287,155677
SCANIA_M_00048,TRUCK_050,2025-10-18T14:47:07Z,98,53.29696025382583,92,2110,411181
SCANIA_M_00049,TRUCK_018,2025-10-14T02:03:07Z,82,14.067344914300705,96,1608,393428
SCANIA_M_00050,TRUCK_002,2025-10-21T05:57:07Z,95,86.5682902642472,29,1897,462828
SCANIA_M_00051,TRUCK_008,2025-10-15T02:07:07Z,77,52.96208416458053,84,2147,431996
SCANIA_M_00052,TRUCK_021,2025-10-17T23:36:07Z,73,86.48300409512453,46,1229,436462
SCANIA_M_00053,TRUCK_012,2025-10-17T12:51:07Z,96,38.13503185863089,63,1053,347928
SCANIA_M_00054,TRUCK_039,2025-10-18T20:41:07Z,74,76.70851776791481,74,1270,388914
SCANIA_M_00055,TRUCK_003,2025-10-13T21:44:07Z,71,50.388686710331314,33,1286,446611
SCANIA_M_00056,TRUCK_035,2025-10-13T14:51:07Z,87,30.908445620855858,4,1325,231993
SCANIA_M_00057,TRUCK_031,2025-10-14T07:13:07Z,96,26.558327211313117,101,1611,102100
SCANIA_M_00058,TRUCK_015,2025-10-16T02:15:07Z,104,69.32483030069565,33,1739,447221
SCANIA_M_00059,TRUCK_026,2025-10-16T08:00:07Z,84,34.102296429244014,56,1088,263501
SCANIA_M_00060,TRUCK_034,2025-10-18T05:59:07Z,104,95.93876283155592,55,1041,395837
SCANIA_M_00061,TRUCK_022,2025-10-17T04:07:07Z,97,28.63310934146225,57,2066,355486
SCANIA_M_00062,TRUCK_006,2025-10-18T16:08:07Z,85,56.36030521191842,26,1117,464574
SCANIA_M_00063,TRUCK_044,2025-10-16T01:30:07Z,74,14.367282313486651,117,1145,382952
SCANIA_M_00064,TRUCK_020,2025-10-18T21:48:07Z,83,44.37730794532347,59,1249,317265
SCANIA_M_00065,TRUCK_005,2025-10-15T10:16:07Z,81,35.79220476857198,25,1111,230105
SCANIA_M_00066,TRUCK_008,2025-10-16T22:07:07Z,76,74.92109993660642,103,2133,459204
SCANIA_M_00067,TRUCK_026,2025-10-18T03:22:07Z,93,96.11584978811386,115,1226,130496
SCANIA_M_00068,TRUCK_019,2025-10-21T09:29:07Z,100,17.422087306504658,53,1795,347260
SCANIA_M_00069,TRUCK_002,2025-10-19T05:09:07Z,88,27.045951336845317,58,1506,223670
SCANIA_M_00070,TRUCK_001,2025-10-17T15:42:07Z,98,44.51897036608728,21,1241,68377
SCANIA_M_00071,TRUCK_023,2025-10-18T17:05:07Z,73,54.31112691434981,116,1387,103182
SCANIA_M_00072,TRUCK_011,2025-10-21T11:21:07Z,104,22.305177999902853,17,1816,267693
SCANIA_M_00073,TRUCK_005,2025-10-15T01:11:07Z,83,81.62926271682814,58,982,237553
SCANIA_M_00074,TRUCK_026,2025-10-18T11:24:07Z,73,95.35956104543236,49,2145,320065
SCANIA_M_00075,TRUCK_045,2025-10-15T06:35:07Z,89,77.23473491185133,27,2000,276809
SCANIA_M_00076,TRUCK_031,2025-10-20T06:50:07Z,99,68.90645242080313,109,1149,166648
SCANIA_M_00077,TRUCK_040,2025-10-21T04:07:07Z,82,23.860949871853258,53,813,153583
SCANIA_M_00078,TRUCK_033,2025-10-16T20:43:07Z,79,87.94255782989974,86,1315,371189
SCANIA_M_00079,TRUCK_004,2025-10-21T05:07:07Z,94,49.48514207578839,103,1440,140463
SCANIA_M_00080,TRUCK_028,2025-10-20T01:03:07Z,102,65.70553429350709,88,1766,148878
SCANIA_M_00081,TRUCK_007,2025-10-14T20:48:07Z,85,68.90872785889484,34,1928,76313
SCANIA_M_00082,TRUCK_009,2025-10-17T11:27:07Z,99,17.425911432604142,44,2078,107619
SCANIA_M_00083,TRUCK_018,2025-10-17T20:36:07Z,104,68.61034809702662,13,978,59209
SCANIA_M_00084,TRUCK_022,2025-10-17T22:21:07Z,70,24.897874781889996,27,1232,418871
SCANIA_M_00085,TRUCK_043,2025-10-16T10:59:07Z,80,29.739413203745066,32,1046,239419
SCANIA_M_00086,TRUCK_030,2025-10-17T12:34:07Z,102,92.09122203662756,2,1009,206938
SCANIA_M_00087,TRUCK_031,2025-10-21T08:16:07Z,96,52.202042284939324,28,1023,315625
SCANIA_M_00088,TRUCK_011,2025-10-19T11:52:07Z,82,46.02126587666055,92,1273,196300
SCANIA_M_00089,TRUCK_023,2025-10-16T18:38:07Z,82,37.927871172132086,62,2086,467362
SCANIA_M_00090,TRUCK_038,2025-10-15T01:33:07Z,93,17.4426650671058,83,1699,170156
SCANIA_M_00091,TRUCK_020,2025-10-20T17:08:07Z,105,94.50746084058757,1,1478,460808
SCANIA_M_00092,TRUCK_009,2025-10-13T21:40:07Z,85,61.542835079013464,52,1961,136123
SCANIA_M_00093,TRUCK_018,2025-10-18T03:04:07Z,99,36.08576741207694,46,1710,135141
SCANIA_M_00094,TRUCK_030,2025-10-15T15:41:07Z,80,90.05230962587892,66,2096,366619
SCANIA_M_00095,TRUCK_035,2025-10-14T00:35:07Z,100,10.569621998776995,104,1689,245110
SCANIA_M_00096,TRUCK_009,2025-10-20T23:36:07Z,95,73.88827343542295,73,933,87982
SCANIA_M_00097,TRUCK_023,2025-10-19T02:54:07Z,93,43.5613433232361,61,1226,312122
SCANIA_M_00098,TRUCK_025,2025-10-18T10:58:07Z,88,13.28384752091824,76,1833,297795
SCANIA_M_00099,TRUCK_039,2025-10-16T18:06:07Z,99,56.47331625402344,37,1829,69112
SCANIA_M_00100,TRUCK_027,2025-10-13T21:42:07Z,91,56.19769648750328,90,2165,393561
SCANIA_M_00101,TRUCK_014,2025-10-19T14:22:07Z,70,75.82084745996418,78,1887,298775
SCANIA_M_00102,TRUCK_009,2025-10-14T06:23:07Z,78,46.58278606642056,22,2018,419006
SCANIA_M_00103,TRUCK_044,2025-10-13T21:42:07Z,99,25.734465202484483,36,2163,85428
SCANIA_M_00104,TRUCK_018,2025-10-14T18:08:07Z,73,10.83535693621329,85,889,360671
SCANIA_M_00105,TRUCK_047,2025-10-17T14:13:07Z,92,20.508337075825647,94,1962,449358
SCANIA_M_00106,TRUCK_050,2025-10-20T12:32:07Z,105,40.0372084423132,52,829,139095
SCANIA_M_00107,TRUCK_050,2025-10-18T19:46:07Z,99,92.53988909917258,3,870,104190
SCANIA_M_00108,TRUCK_016,2025-10-17T14:10:07Z,90,49.87271059187851,56,2097,145991
SCANIA_M_00109,TRUCK_041,2025-10-17T12:18:07Z,87,66.65869221241785,74,1521,431576
SCANIA_M_00110,TRUCK_049,2025-10-20T00:43:07Z,75,31.250850529372734,14,1378,119498
SCANIA_M_00111,TRUCK_049,2025-10-20T00:07:07Z,91,16.54090129615238,23,1179,290770
SCANIA_M_00112,TRUCK_006,2025-10-19T03:15:07Z,98,27.38000069394535,37,1104,54630
SCANIA_M_00113,TRUCK_040,2025-10-13T14:07:07Z,73,67.97842843979092,18,1692,308418
SCANIA_M_00114,TRUCK_014,2025-10-14T03:54:07Z,97,20.520530691937907,67,2096,133557
SCANIA_M_00115,TRUCK_028,2025-10-15T09:09:07Z,86,28.98626130387047,77,1355,354056
SCANIA_M_00116,TRUCK_002,2025-10-19T20:42:07Z,92,15.362770274590037,55,2057,398636
SCANIA_M_00117,TRUCK_050,2025-10-20T03:51:07Z,84,54.08046798757288,14,1138,373362
SCANIA_M_00118,TRUCK_018,2025-10-19T10:18:07Z,82,43.372831902306075,20,1175,309404
SCANIA_M_00119,TRUCK_011,2025-10-17T09:09:07Z,77,88.22129088414677,94,2125,379226
SCANIA_M_00120,TRUCK_029,2025-10-21T08:42:07Z,84,12.879738853913008,71,1998,230881
SCANIA_M_00121,TRUCK_048,2025-10-19T20:05:07Z,81,89.51730592587248,106,889,359174
SCANIA_M_00122,TRUCK_032,2025-10-13T21:15:07Z,105,91.29987265999638,110,888,369680
SCANIA_M_00123,TRUCK_040,2025-10-14T21:44:07Z,90,61.64342654179585,67,853,431336
SCANIA_M_00124,TRUCK_036,2025-10-20T11:24:07Z,70,92.71041502037104,61,2060,409465
SCANIA_M_00125,TRUCK_037,2025-10-17T00:19:07Z,97,10.78683931464331,110,897,220417
SCANIA_M_00126,TRUCK_034,2025-10-13T22:06:07Z,78,89.91104555469799,49,1333,325510
SCANIA_M_00127,TRUCK_027,2025-10-15T07:14:07Z,71,36.48833234372893,24,2128,464946
SCANIA_M_00128,TRUCK_049,2025-10-14T08:30:07Z,105,61.30625293729964,106,1508,214880
SCANIA_M_00129,TRUCK_011,2025-10-16T13:25:07Z,81,51.42014549271202,79,1057,325887
SCANIA_M_00130,TRUCK_047,2025-10-14T18:27:07Z,87,86.46780738851258,26,1640,167946
SCANIA_M_00131,TRUCK_044,2025-10-14T03:33:07Z,95,50.37793166126425,83,1408,486315
SCANIA_M_00132,TRUCK_011,2025-10-14T16:03:07Z,86,52.430346935716194,47,1752,460013
SCANIA_M_00133,TRUCK_030,2025-10-20T15:05:07Z,85,28.221247282171696,38,2143,437112
SCANIA_M_00134,TRUCK_028,2025-10-20T20:41:07Z,97,95.08725103483785,80,1285,313379
SCANIA_M_00135,TRUCK_038,2025-10-18T22:29:07Z,95,69.84192164692772,113,2148,87348
SCANIA_M_00136,TRUCK_022,2025-10-18T10:17:07Z,98,66.97865826729603,105,1458,202416
SCANIA_M_00137,TRUCK_038,2025-10-18T14:56:07Z,76,18.172455608425146,79,1459,406038
SCANIA_M_00138,TRUCK_004,2025-10-17T05:56:07Z,103,39.7686861621889,18,1997,444914
SCANIA_M_00139,TRUCK_045,2025-10-15T12:49:07Z,97,94.58449052653647,102,1324,300209
SCANIA_M_00140,TRUCK_048,2025-10-20T23:47:07Z,77,46.38466328843772,70,2191,299084
SCANIA_M_00141,TRUCK_010,2025-10-14T07:28:07Z,89,68.43660394924729,44,1978,435060
SCANIA_M_00142,TRUCK_005,2025-10-19T23:15:07Z,102,93.67446065469403,22,1318,352098
SCANIA_M_00143,TRUCK_006,2025-10-19T23:14:07Z,89,11.404561005070434,103,901,441220
SCANIA_M_00144,TRUCK_021,2025-10-21T01:28:07Z,77,19.369327364350475,6,1739,273229
SCANIA_M_00145,TRUCK_007,2025-10-17T12:37:07Z,76,54.8407130015452,98,1581,127134
SCANIA_M_00146,TRUCK_038,2025-10-19T20:03:07Z,73,75.16329898228292,44,1848,192379
SCANIA_M_00147,TRUCK_010,2025-10-19T03:47:07Z,77,12.8416819746856,12,1108,491032
SCANIA_M_00148,TRUCK_046,2025-10-19T00:37:07Z,93,31.475468218159065,20,1502,431441
SCANIA_M_00149,TRUCK_020,2025-10-16T20:31:07Z,87,46.754596051549775,118,950,402196
SCANIA_M_00150,TRUCK_048,2025-10-16T21:28:07Z,78,67.47096445802724,57,1058,62192
SCANIA_M_00151,TRUCK_032,2025-10-18T20:20:07Z,82,63.80454826808684,109,1826,409080
SCANIA_M_00152,TRUCK_025,2025-10-16T23:12:07Z,72,42.286068407285896,65,2183,110681
SCANIA_M_00153,TRUCK_015,2025-10-14T09:56:07Z,71,92.27981579607237,30,1260,107907
SCANIA_M_00154,TRUCK_011,2025-10-18T08:23:07Z,74,54.20600998123806,61,1239,498809
SCANIA_M_00155,TRUCK_028,2025-10-20T05:23:07Z,70,90.80423118897583,66,1303,283978
SCANIA_M_00156,TRUCK_028,2025-10-17T23:49:07Z,72,51.36734593129542,99,1839,117644
SCANIA_M_00157,TRUCK_007,2025-10-15T16:42:07Z,94,40.86691113293851,41,1991,317761
SCANIA_M_00158,TRUCK_043,2025-10-15T22:48:07Z,91,23.52943804703329,52,1182,357651
SCANIA_M_00159,TRUCK_045,2025-10-18T04:26:07Z,101,31.015652663783342,52,1667,483646
SCANIA_M_00160,TRUCK_012,2025-10-13T19:52:07Z,79,17.176387319335923,34,1937,347782
SCANIA_M_00161,TRUCK_032,2025-10-14T18:15:07Z,90,50.21475383109551,21,1914,87458
SCANIA_M_00162,TRUCK_045,2025-10-14T12:41:07Z,104,85.3442977404441,49,1073,270291
SCANIA_M_00163,TRUCK_031,2025-10-17T14:21:07Z,74,97.05237761038023,113,1094,199894
SCANIA_M_00164,TRUCK_016,2025-10-15T16:30:07Z,83,36.248456423157066,60,1171,231554
SCANIA_M_00165,TRUCK_007,2025-10-16T08:15:07Z,96,84.0497960952598,40,1881,289866
SCANIA_M_00166,TRUCK_039,2025-10-19T21:58:07Z,82,98.85241517033711,115,1095,211446
SCANIA_M_00167,TRUCK_002,2025-10-20T17:24:07Z,74,34.64197271429319,98,1293,61638
SCANIA_M_00168,TRUCK_035,2025-10-17T19:51:07Z,87,46.913900851375516,116,1839,290940
SCANIA_M_00169,TRUCK_049,2025-10-14T00:31:07Z,72,79.54473238716476,83,1459,144570
SCANIA_M_00170,TRUCK_008,2025-10-16T14:31:07Z,103,60.03577933991768,56,1624,376262
SCANIA_M_00171,TRUCK_019,2025-10-14T19:41:07Z,92,57.84281811119119,111,1541,56676
SCANIA_M_00172,TRUCK_027,2025-10-17T08:50:07Z,90,68.62559214616925,117,1404,308144
SCANIA_M_00173,TRUCK_020,2025-10-20T09:38:07Z,89,39.65897625826304,33,1786,207265
SCANIA_M_00174,TRUCK_001,2025-10-17T00:33:07Z,101,41.23439106250902,60,1238,411864
SCANIA_M_00175,TRUCK_001,2025-10-20T20:23:07Z,103,71.28415751312771,53,1055,363806
SCANIA_M_00176,TRUCK_037,2025-10-20T01:03:07Z,75,58.94414181830413,50,2072,430450
SCANIA_M_00177,TRUCK_031,2025-10-18T14:39:07Z,90,11.84977283473547,88,1106,132536
SCANIA_M_00178,TRUCK_036,2025-10-20T04:06:07Z,76,19.870804156976938,99,810,217821
SCANIA_M_00179,TRUCK_018,2025-10-15T14:38:07Z,75,86.73486028904044,20,1928,232629
SCANIA_M_00180,TRUCK_033,2025-10-14T13:49:07Z,78,35.04826772568009,98,1505,145166
SCANIA_M_00181,TRUCK_013,2025-10-15T12:25:07Z,98,84.49463235610753,95,806,361538
SCANIA_M_00182,TRUCK_046,2025-10-20T08:27:07Z,74,81.76954807640068,66,2085,339014
SCANIA_M_00183,TRUCK_031,2025-10-17T16:58:07Z,95,14.711636626611615,4,2123,270411
SCANIA_M_00184,TRUCK_002,2025-10-15T03:15:07Z,88,50.67352986849291,24,1343,241401
SCANIA_M_00185,TRUCK_031,2025-10-18T19:24:07Z,99,51.19325730033149,89,1191,129686
SCANIA_M_00186,TRUCK_013,2025-10-14T05:37:07Z,94,30.603448140053448,75,1111,229036
SCANIA_M_00187,TRUCK_005,2025-10-16T12:14:07Z,82,51.4278037098012,118,1274,326406
SCANIA_M_00188,TRUCK_017,2025-10-14T20:39:07Z,75,22.32063550091235,113,849,86756
SCANIA_M_00189,TRUCK_016,2025-10-21T08:47:07Z,72,51.152097700709405,28,1874,425845
SCANIA_M_00190,TRUCK_028,2025-10-16T21:08:07Z,72,66.11560241794737,46,2099,230285
SCANIA_M_00191,TRUCK_040,2025-10-17T00:43:07Z,71,22.695075003050714,33,2190,474002
SCANIA_M_00192,TRUCK_032,2025-10-20T14:00:07Z,92,41.39884161197347,78,1109,395491
SCANIA_M_00193,TRUCK_016,2025-10-20T13:06:07Z,91,68.463527166626,88,1761,182129
SCANIA_M_00194,TRUCK_027,2025-10-18T16:48:07Z,93,49.138364898170764,58,2132,445235
SCANIA_M_00195,TRUCK_042,2025-10-16T22:24:07Z,93,24.390577924976352,119,1209,140256
SCANIA_M_00196,TRUCK_050,2025-10-17T17:54:07Z,92,60.334594201817055,51,1042,357153
SCANIA_M_00197,TRUCK_018,2025-10-21T10:34:07Z,90,97.86805651111624,90,1742,321304
SCANIA_M_00198,TRUCK_049,2025-10-16T18:51:07Z,76,11.114470208493156,112,1024,83743
SCANIA_M_00199,TRUCK_037,2025-10-17T00:55:07Z,90,81.88654357028027,81,883,496188
SCANIA_M_00200,TRUCK_042,2025-10-20T00:26:07Z,73,66.92270982551616,81,2152,397988
SCANIA_M_00201,TRUCK_030,2025-10-13T16:35:07Z,98,48.29850661602558,82,1948,414369
SCANIA_M_00202,TRUCK_043,2025-10-20T21:25:07Z,80,96.28479880617977,114,1369,175939
SCANIA_M_00203,TRUCK_034,2025-10-18T08:56:07Z,90,62.62192959082913,17,971,480241
SCANIA_M_00204,TRUCK_044,2025-10-18T21:50:07Z,74,18.771427527954575,62,1365,73002
SCANIA_M_00205,TRUCK_002,2025-10-21T01:55:07Z,101,85.06851760427195,2,2105,436086
SCANIA_M_00206,TRUCK_049,2025-10-13T14:11:07Z,104,77.81038468895817,39,1086,204450
SCANIA_M_00207,TRUCK_041,2025-10-16T00:11:07Z,87,44.330599539429016,91,1989,365112
SCANIA_M_00208,TRUCK_044,2025-10-20T08:54:07Z,72,71.2006472008052,74,1868,442058
SCANIA_M_00209,TRUCK_040,2025-10-16T13:45:07Z,77,50.67871590746092,43,1835,340442
SCANIA_M_00210,TRUCK_001,2025-10-19T09:27:07Z,85,66.775400667313,108,2032,429049
SCANIA_M_00211,TRUCK_004,2025-10-17T12:13:07Z,81,51.28272780254449,96,1876,424351
SCANIA_M_00212,TRUCK_034,2025-10-20T00:26:07Z,104,73.21562575036833,40,2073,80107
SCANIA_M_00213,TRUCK_045,2025-10-14T07:42:07Z,89,53.00046349563858,66,2079,179099
SCANIA_M_00214,TRUCK_001,2025-10-15T07:08:07Z,80,28.23509484911333,74,1255,434986
SCANIA_M_00215,TRUCK_003,2025-10-19T19:09:07Z,104,18.469413138579654,71,2086,276253
SCANIA_M_00216,TRUCK_048,2025-10-17T00:19:07Z,81,13.967680159553368,120,1393,77562
SCANIA_M_00217,TRUCK_022,2025-10-14T02:59:07Z,79,42.661660866615385,12,1298,430896
SCANIA_M_00218,TRUCK_014,2025-10-18T09:53:07Z,72,44.92725123412783,39,1758,221345
SCANIA_M_00219,TRUCK_008,2025-10-17T07:34:07Z,100,90.75365564484206,101,1798,376934
SCANIA_M_00220,TRUCK_044,2025-10-15T13:02:07Z,84,69.06158164550432,35,1909,378864
SCANIA_M_00221,TRUCK_025,2025-10-20T20:25:07Z,84,21.063699570611025,69,1184,192692
SCANIA_M_00222,TRUCK_006,2025-10-15T07:03:07Z,90,21.308495144832428,102,904,201004
SCANIA_M_00223,TRUCK_002,2025-10-17T11:23:07Z,95,54.887964821518075,81,1835,131086
SCANIA_M_00224,TRUCK_014,2025-10-16T17:07:07Z,97,57.86357555875393,60,1646,161096
SCANIA_M_00225,TRUCK_032,2025-10-20T21:50:07Z,104,80.08870925015705,90,1078,353801
SCANIA_M_00226,TRUCK_038,2025-10-21T10:07:07Z,75,30.34757380110864,118,1655,407927
SCANIA_M_00227,TRUCK_020,2025-10-15T07:45:07Z,79,78.58836169913495,29,2000,290513
SCANIA_M_00228,TRUCK_009,2025-10-16T16:14:07Z,72,65.51947713528125,15,1843,80209
SCANIA_M_00229,TRUCK_003,2025-10-18T13:04:07Z,89,33.95655329319062,87,1524,212270
SCANIA_M_00230,TRUCK_011,2025-10-15T07:44:07Z,79,38.37814416101267,17,1270,427026
SCANIA_M_00231,TRUCK_005,2025-10-19T14:34:07Z,95,67.55637726286034,50,907,361065
SCANIA_M_00232,TRUCK_005,2025-10-21T09:24:07Z,76,47.031426940804444,83,2010,488447
SCANIA_M_00233,TRUCK_024,2025-10-15T17:42:07Z,82,91.92247632986482,90,1850,181943
SCANIA_M_00234,TRUCK_022,2025-10-20T12:50:07Z,91,52.22916127285783,54,1149,482138
SCANIA_M_00235,TRUCK_035,2025-10-13T22:07:07Z,84,21.323052748162276,106,2089,378241
SCANIA_M_00236,TRUCK_023,2025-10-19T15:48:07Z,84,66.13880836223832,60,1741,376008
SCANIA_M_00237,TRUCK_040,2025-10-18T05:51:07Z,94,15.489304696697772,102,1656,458625
SCANIA_M_00238,TRUCK_031,2025-10-19T11:01:07Z,98,81.49858057681497,83,1858,124483
SCANIA_M_00239,TRUCK_008,2025-10-17T20:12:07Z,87,72.4106344991487,45,1998,244137
SCANIA_M_00240,TRUCK_043,2025-10-20T09:05:07Z,91,14.673258014534365,21,1544,182895
SCANIA_M_00241,TRUCK_024,2025-10-14T17:46:07Z,81,99.32141321462154,3,977,82258
SCANIA_M_00242,TRUCK_048,2025-10-16T05:56:07Z,74,90.41127145973968,54,1441,99541
SCANIA_M_00243,TRUCK_016,2025-10-16T12:29:07Z,98,66.27953191450035,50,1688,90348
SCANIA_M_00244,TRUCK_010,2025-10-18T07:19:07Z,71,70.36751842620563,5,1276,134287
SCANIA_M_00245,TRUCK_020,2025-10-18T11:40:07Z,99,64.35984711433052,2,1857,140838
SCANIA_M_00246,TRUCK_018,2025-10-17T04:12:07Z,80,79.95067048155794,83,1705,134363
SCANIA_M_00247,TRUCK_017,2025-10-17T02:04:07Z,86,44.85778786413081,45,1836,412771
SCANIA_M_00248,TRUCK_050,2025-10-20T02:20:07Z,74,27.962458553983332,2,908,76419
SCANIA_M_00249,TRUCK_023,2025-10-15T00:56:07Z,101,50.50478318363534,29,1462,239896
SCANIA_M_00250,TRUCK_025,2025-10-16T03:12:07Z,94,32.35338213923853,105,1890,156991
SCANIA_M_00251,TRUCK_032,2025-10-16T16:48:07Z,84,18.271547120133846,87,2163,264286
SCANIA_M_00252,TRUCK_029,2025-10-20T18:30:07Z,83,47.954224701309414,3,1260,395003
SCANIA_M_00253,TRUCK_047,2025-10-15T04:20:07Z,99,29.98041365852454,38,863,458190
SCANIA_M_00254,TRUCK_016,2025-10-19T02:56:07Z,80,65.86591469962471,16,1744,126922
SCANIA_M_00255,TRUCK_025,2025-10-15T04:49:07Z,92,24.690962867894022,106,2021,51252
SCANIA_M_00256,TRUCK_042,2025-10-18T00:44:07Z,93,56.67164697227534,0,1095,332765
SCANIA_M_00257,TRUCK_013,2025-10-19T16:30:07Z,80,72.49794013196811,113,1860,234298
SCANIA_M_00258,TRUCK_030,2025-10-21T04:35:07Z,85,78.56732895687941,15,1984,198919
SCANIA_M_00259,TRUCK_021,2025-10-19T13:55:07Z,90,85.3372652950297,87,835,272471
SCANIA_M_00260,TRUCK_018,2025-10-18T19:24:07Z,87,49.81697328341431,16,1531,80641
SCANIA_M_00261,TRUCK_004,2025-10-19T16:53:07Z,94,50.0804555799991,116,879,446680
SCANIA_M_00262,TRUCK_043,2025-10-16T01:54:07Z,100,46.94516509734934,76,1892,460384
SCANIA_M_00263,TRUCK_010,2025-10-14T19:35:07Z,71,33.547357715598054,94,1070,398405
SCANIA_M_00264,TRUCK_027,2025-10-16T09:35:07Z,87,52.83399315649357,55,1330,296230
SCANIA_M_00265,TRUCK_022,2025-10-19T19:37:07Z,89,60.34216031740763,75,1535,434276
SCANIA_M_00266,TRUCK_037,2025-10-19T02:01:07Z,100,92.8010445188503,50,1688,394886
SCANIA_M_00267,TRUCK_015,2025-10-16T12:44:07Z,95,60.1887958148332,37,1857,218278
SCANIA_M_00268,TRUCK_004,2025-10-18T07:45:07Z,105,36.768518762353764,26,1982,120395
SCANIA_M_00269,TRUCK_028,2025-10-14T19:55:07Z,77,77.66913368198685,70,1338,322599
SCANIA_M_00270,TRUCK_028,2025-10-17T07:58:07Z,79,38.28467095473154,103,1878,402378
SCANIA_M_00271,TRUCK_034,2025-10-17T17:24:07Z,92,33.04785969036985,116,2149,430472
SCANIA_M_00272,TRUCK_041,2025-10-16T16:42:07Z,79,39.63330080809442,66,1196,355516
SCANIA_M_00273,TRUCK_039,2025-10-18T16:41:07Z,82,15.233395574684538,81,1818,376403
SCANIA_M_00274,TRUCK_039,2025-10-14T19:02:07Z,75,26.619017053995588,34,1009,132017
SCANIA_M_00275,TRUCK_039,2025-10-17T02:37:07Z,91,57.462127187087916,37,1452,470538
SCANIA_M_00276,TRUCK_026,2025-10-18T17:27:07Z,101,73.28329870142448,117,2043,92678
SCANIA_M_00277,TRUCK_027,2025-10-19T02:07:07Z,71,97.64245002236933,26,1867,311864
SCANIA_M_00278,TRUCK_002,2025-10-15T04:03:07Z,85,16.19781015896784,31,1599,226216
SCANIA_M_00279,TRUCK_024,2025-10-18T12:21:07Z,93,63.506431344006245,51,2126,115537
SCANIA_M_00280,TRUCK_013,2025-10-17T00:58:07Z,89,92.9811320808496,37,1674,81681
SCANIA_M_00281,TRUCK_006,2025-10-20T01:57:07Z,73,36.72513291494391,120,1725,367720
SCANIA_M_00282,TRUCK_019,2025-10-18T22:52:07Z,78,66.18232519776865,58,1256,223185
SCANIA_M_00283,TRUCK_003,2025-10-13T19:49:07Z,88,31.414383139448308,111,1572,417471
SCANIA_M_00284,TRUCK_026,2025-10-16T07:26:07Z,86,55.981661014120064,80,827,269120
SCANIA_M_00285,TRUCK_029,2025-10-18T00:57:07Z,75,90.96678879216783,64,949,303796
SCANIA_M_00286,TRUCK_027,2025-10-19T08:28:07Z,71,38.629049972593336,12,997,98377
SCANIA_M_00287,TRUCK_022,2025-10-17T15:41:07Z,79,25.6533157456837,67,1280,495564
SCANIA_M_00288,TRUCK_029,2025-10-18T21:48:07Z,71,29.794423410465406,42,912,358312
SCANIA_M_00289,TRUCK_003,2025-10-16T23:33:07Z,71,43.1485675228783,85,858,332500
SCANIA_M_00290,TRUCK_021,2025-10-19T01:08:07Z,100,45.72363039241879,108,1286,259801
SCANIA_M_00291,TRUCK_048,2025-10-20T01:51:07Z,86,32.636200396324114,53,1583,436308
SCANIA_M_00292,TRUCK_003,2025-10-15T08:14:07Z,102,16.87689758853777,117,1142,364665
SCANIA_M_00293,TRUCK_017,2025-10-14T12:29:07Z,86,32.875564605895214,114,1939,296633
SCANIA_M_00294,TRUCK_049,2025-10-16T18:58:07Z,105,65.44554087736148,97,914,130588
SCANIA_M_00295,TRUCK_018,2025-10-19T14:00:07Z,71,93.1043822074523,63,1504,447299
SCANIA_M_00296,TRUCK_018,2025-10-20T01:49:07Z,71,72.04779528045252,79,1989,446410
SCANIA_M_00297,TRUCK_037,2025-10-21T02:05:07Z,83,50.3904590703634,96,2116,215785
SCANIA_M_00298,TRUCK_004,2025-10-20T00:24:07Z,80,19.274845091187835,74,1161,311449
SCANIA_M_00299,TRUCK_023,2025-10-16T13:18:07Z,97,72.88697250954698,70,1061,267135
SCANIA_M_00300,TRUCK_028,2025-10-15T14:27:07Z,100,62.17146919899878,53,1537,294752
SCANIA_M_00301,TRUCK_047,2025-10-21T10:05:07Z,97,46.84341994708958,115,1307,452732
SCANIA_M_00302,TRUCK_038,2025-10-18T23:07:07Z,82,99.43854393219883,28,1658,225045
SCANIA_M_00303,TRUCK_050,2025-10-19T14:28:07Z,96,11.055517394920184,65,1724,479878
SCANIA_M_00304,TRUCK_032,2025-10-21T04:22:07Z,85,53.37510302970572,66,1662,413795
SCANIA_M_00305,TRUCK_020,2025-10-18T17:03:07Z,96,43.107806430934986,53,863,150035
SCANIA_M_00306,TRUCK_020,2025-10-14T03:03:07Z,90,75.03311251719808,97,1628,135048
SCANIA_M_00307,TRUCK_018,2025-10-21T05:41:07Z,89,25.07716632781889,10,1222,338428
SCANIA_M_00308,TRUCK_014,2025-10-15T11:37:07Z,95,50.87514481548194,72,1916,68821
SCANIA_M_00309,TRUCK_019,2025-10-20T23:53:07Z,84,31.2686067172874,23,2039,274363
SCANIA_M_00310,TRUCK_041,2025-10-19T21:24:07Z,87,24.65710963144472,1,1845,460782
SCANIA_M_00311,TRUCK_020,2025-10-18T12:57:07Z,93,74.05859829499259,38,1296,91782
SCANIA_M_00312,TRUCK_010,2025-10-19T20:57:07Z,71,76.84354146050175,62,2124,400883
SCANIA_M_00313,TRUCK_026,2025-10-21T03:13:07Z,97,38.33628006818372,120,2152,367609
SCANIA_M_00314,TRUCK_003,2025-10-16T03:38:07Z,82,72.05655045844077,1,1544,258170
SCANIA_M_00315,TRUCK_026,2025-10-21T01:33:07Z,91,38.203714446912215,3,1787,242446
SCANIA_M_00316,TRUCK_049,2025-10-19T21:59:07Z,74,64.29544127321536,116,1499,397071
SCANIA_M_00317,TRUCK_011,2025-10-19T13:07:07Z,97,51.00267237362278,14,947,450329
SCANIA_M_00318,TRUCK_015,2025-10-18T03:16:07Z,98,10.432453813002859,18,2072,191959
SCANIA_M_00319,TRUCK_012,2025-10-16T18:19:07Z,81,59.757917191922104,38,920,111972
SCANIA_M_00320,TRUCK_049,2025-10-19T19:42:07Z,70,42.72530217967639,89,1902,50524
SCANIA_M_00321,TRUCK_034,2025-10-18T23:00:07Z,76,62.56192734759046,57,1698,426429
SCANIA_M_00322,TRUCK_017,2025-10-19T05:07:07Z,95,95.47215669832806,3,1731,206500
SCANIA_M_00323,TRUCK_007,2025-10-13T14:47:07Z,104,62.588357147883066,39,1798,50253
SCANIA_M_00324,TRUCK_022,2025-10-13T15:11:07Z,77,55.556216315829985,62,1135,357406
SCANIA_M_00325,TRUCK_031,2025-10-19T10:44:07Z,80,41.267736576257946,69,2116,73715
SCANIA_M_00326,TRUCK_049,2025-10-19T11:36:07Z,77,34.89730447470534,19,2152,242169
SCANIA_M_00327,TRUCK_030,2025-10-17T14:23:07Z,95,93.19896709574911,119,1458,263159
SCANIA_M_00328,TRUCK_002,2025-10-15T20:09:07Z,101,33.43540394926489,90,1034,414968
SCANIA_M_00329,TRUCK_021,2025-10-19T18:24:07Z,85,85.03509534050784,80,1198,201375
SCANIA_M_00330,TRUCK_040,2025-10-14T09:17:07Z,98,44.04008622005676,36,1815,475609
SCANIA_M_00331,TRUCK_039,2025-10-19T00:01:07Z,92,67.66118281949062,28,1756,144455
SCANIA_M_00332,TRUCK_048,2025-10-20T00:19:07Z,79,98.72020604206078,80,1891,59694
SCANIA_M_00333,TRUCK_033,2025-10-17T07:53:07Z,92,17.534536383558805,97,890,493017
SCANIA_M_00334,TRUCK_026,2025-10-18T10:23:07Z,83,22.208805144919886,52,1876,353205
SCANIA_M_00335,TRUCK_038,2025-10-15T12:13:07Z,96,22.437975483105596,19,1310,379106
SCANIA_M_00336,TRUCK_050,2025-10-21T04:19:07Z,101,68.62288049209442,117,830,180072
SCANIA_M_00337,TRUCK_046,2025-10-20T06:12:07Z,77,19.066309195096416,54,2172,221056
SCANIA_M_00338,TRUCK_031,2025-10-15T03:34:07Z,76,66.5433271417339,12,1051,412076
SCANIA_M_00339,TRUCK_023,2025-10-20T03:07:07Z,98,39.32339498538865,102,1378,334599
SCANIA_M_00340,TRUCK_007,2025-10-19T12:58:07Z,95,92.78510337703615,29,1637,444204
SCANIA_M_00341,TRUCK_016,2025-10-15T07:56:07Z,75,68.58192838994586,64,1015,454893
SCANIA_M_00342,TRUCK_019,2025-10-20T06:08:07Z,72,18.973664253372988,28,1580,126672
SCANIA_M_00343,TRUCK_001,2025-10-14T16:17:07Z,99,77.7986726971201,72,840,283339
SCANIA_M_00344,TRUCK_040,2025-10-21T02:41:07Z,84,23.755868592405605,18,1384,116696
SCANIA_M_00345,TRUCK_013,2025-10-17T23:36:07Z,80,64.56249136584113,89,1376,228513
SCANIA_M_00346,TRUCK_043,2025-10-20T18:29:07Z,89,18.883364917515525,117,805,411351
SCANIA_M_00347,TRUCK_014,2025-10-14T19:45:07Z,99,54.309733075075854,87,1124,100740
SCANIA_M_00348,TRUCK_023,2025-10-14T13:22:07Z,72,14.177869402008712,57,1426,164041
SCANIA_M_00349,TRUCK_006,2025-10-15T07:31:07Z,77,74.67234646531821,79,1327,155318
SCANIA_M_00350,TRUCK_014,2025-10-13T17:51:07Z,71,45.42076306336682,90,2165,144435
SCANIA_M_00351,TRUCK_002,2025-10-14T12:29:07Z,90,51.55967440576994,0,1999,470359
SCANIA_M_00352,TRUCK_014,2025-10-21T09:00:07Z,76,30.477878659852312,81,1126,288454
SCANIA_M_00353,TRUCK_033,2025-10-20T21:28:07Z,86,88.04564390845024,75,1560,224683
SCANIA_M_00354,TRUCK_022,2025-10-15T03:09:07Z,98,50.23424466121019,61,2103,223335
SCANIA_M_00355,TRUCK_027,2025-10-16T00:00:07Z,94,69.50061432847059,87,1026,201498
SCANIA_M_00356,TRUCK_027,2025-10-13T20:40:07Z,94,33.8244691074365,79,1121,150946
SCANIA_M_00357,TRUCK_041,2025-10-18T02:41:07Z,74,51.95781381408383,116,1053,142753
SCANIA_M_00358,TRUCK_042,2025-10-14T06:56:07Z,74,30.58154563006077,19,1159,223041
SCANIA_M_00359,TRUCK_042,2025-10-15T08:27:07Z,78,54.596374374358994,92,1137,214000
SCANIA_M_00360,TRUCK_017,2025-10-19T02:10:07Z,73,62.73594799903215,90,1885,384666
SCANIA_M_00361,TRUCK_006,2025-10-17T08:46:07Z,90,54.82501845535036,95,1725,311918
SCANIA_M_00362,TRUCK_025,2025-10-15T22:50:07Z,101,25.67052343599331,105,1190,365359
SCANIA_M_00363,TRUCK_024,2025-10-20T20:32:07Z,92,74.75107614218224,113,2180,492108
SCANIA_M_00364,TRUCK_027,2025-10-15T04:44:07Z,97,30.399167635860806,78,1608,448883
SCANIA_M_00365,TRUCK_032,2025-10-20T22:15:07Z,98,60.32255891678694,94,1861,283065
SCANIA_M_00366,TRUCK_048,2025-10-17T07:45:07Z,95,41.47506112022324,81,1571,422997
SCANIA_M_00367,TRUCK_012,2025-10-19T09:50:07Z,80,66.89283229154611,62,1438,428732
SCANIA_M_00368,TRUCK_001,2025-10-20T22:56:07Z,82,68.65260956554565,6,2129,269136
SCANIA_M_00369,TRUCK_046,2025-10-21T00:41:07Z,90,36.571845010700564,87,2072,281762
SCANIA_M_00370,TRUCK_015,2025-10-15T11:46:07Z,73,84.56427919333522,68,1053,314889
SCANIA_M_00371,TRUCK_049,2025-10-15T17:44:07Z,93,76.81660120944396,12,2196,352649
SCANIA_M_00372,TRUCK_011,2025-10-21T06:04:07Z,83,29.878644990139815,13,830,54307
SCANIA_M_00373,TRUCK_023,2025-10-14T21:44:07Z,75,89.13889263337929,16,1629,474882
SCANIA_M_00374,TRUCK_039,2025-10-19T13:58:07Z,89,36.181327925036214,13,2117,322270
SCANIA_M_00375,TRUCK_040,2025-10-20T22:52:07Z,91,72.80544970091529,47,1108,199595
SCANIA_M_00376,TRUCK_009,2025-10-18T12:43:07Z,97,70.24453697180755,18,913,471600
SCANIA_M_00377,TRUCK_045,2025-10-20T19:05:07Z,70,19.735179739941866,44,1877,68347
SCANIA_M_00378,TRUCK_008,2025-10-17T16:43:07Z,84,94.37070068783726,98,2095,166278
SCANIA_M_00379,TRUCK_042,2025-10-15T04:51:07Z,86,42.10238669661051,97,1472,409515
SCANIA_M_00380,TRUCK_029,2025-10-14T22:50:07Z,78,86.77662853262767,8,1387,196028
SCANIA_M_00381,TRUCK_041,2025-10-20T08:50:07Z,81,50.47965558399329,25,1372,311189
SCANIA_M_00382,TRUCK_019,2025-10-14T18:21:07Z,89,31.071399595666286,83,1498,379397
SCANIA_M_00383,TRUCK_043,2025-10-20T17:59:07Z,87,49.113986712033935,119,1350,326399
SCANIA_M_00384,TRUCK_031,2025-10-16T22:15:07Z,104,65.084233848835,111,2056,497516
SCANIA_M_00385,TRUCK_044,2025-10-13T18:53:07Z,91,52.313613718875594,93,2120,464162
SCANIA_M_00386,TRUCK_015,2025-10-20T06:13:07Z,76,74.71269924189313,87,1819,209117
SCANIA_M_00387,TRUCK_038,2025-10-13T22:52:07Z,99,92.79416263092905,79,1085,185155
SCANIA_M_00388,TRUCK_028,2025-10-15T18:03:07Z,78,48.885341672769876,2,1938,332671
SCANIA_M_00389,TRUCK_035,2025-10-17T07:56:07Z,99,29.769407261815815,99,1295,137272
SCANIA_M_00390,TRUCK_005,2025-10-21T12:12:07Z,104,64.00612319341928,120,2177,395171
SCANIA_M_00391,TRUCK_049,2025-10-16T08:51:07Z,82,70.82190607500391,61,2200,142126
SCANIA_M_00392,TRUCK_021,2025-10-18T14:13:07Z,102,22.17452245844086,35,1636,488116
SCANIA_M_00393,TRUCK_024,2025-10-15T00:23:07Z,102,45.680035167448466,24,1544,92606
SCANIA_M_00394,TRUCK_008,2025-10-16T18:08:07Z,83,16.073340027043578,47,1354,321642
SCANIA_M_00395,TRUCK_015,2025-10-17T11:42:07Z,98,61.26440939565247,95,1497,498167
SCANIA_M_00396,TRUCK_016,2025-10-19T17:52:07Z,98,35.26370466931313,6,1511,85881
SCANIA_M_00397,TRUCK_014,2025-10-20T13:10:07Z,104,66.67642113239573,15,947,381595
SCANIA_M_00398,TRUCK_028,2025-10-13T18:57:07Z,87,22.382794948361,56,1383,137756
SCANIA_M_00399,TRUCK_010,2025-10-18T03:09:07Z,93,64.3277638886536,30,2104,312476
SCANIA_M_00400,TRUCK_029,2025-10-13T18:10:07Z,101,58.41274205763309,25,2163,300516
SCANIA_M_00401,TRUCK_012,2025-10-18T16:42:07Z,81,50.14228089575876,109,1159,233143
SCANIA_M_00402,TRUCK_035,2025-10-21T02:29:07Z,104,46.53334238045459,28,1029,202202
SCANIA_M_00403,TRUCK_007,2025-10-20T09:01:07Z,88,86.72588540432967,4,1890,147691
SCANIA_M_00404,TRUCK_023,2025-10-17T10:28:07Z,83,10.822921376065104,2,1137,174203
SCANIA_M_00405,TRUCK_029,2025-10-17T11:51:07Z,81,82.12052907631244,114,1425,441688
SCANIA_M_00406,TRUCK_039,2025-10-13T21:38:07Z,84,78.28910087384679,9,1288,346941
SCANIA_M_00407,TRUCK_023,2025-10-17T06:19:07Z,71,19.053227439664287,50,968,421431
SCANIA_M_00408,TRUCK_013,2025-10-14T19:03:07Z,77,49.57132746092,57,1423,186473
SCANIA_M_00409,TRUCK_002,2025-10-21T07:19:07Z,101,77.46586577468578,55,1631,83476
SCANIA_M_00410,TRUCK_046,2025-10-19T13:02:07Z,70,54.16955782462994,74,956,378395
SCANIA_M_00411,TRUCK_018,2025-10-15T13:45:07Z,70,98.82262525337259,50,1415,455004
SCANIA_M_00412,TRUCK_025,2025-10-18T01:46:07Z,92,75.69437654141552,67,1219,82698
SCANIA_M_00413,TRUCK_007,2025-10-13T18:22:07Z,99,19.431067652637726,81,1559,90963
SCANIA_M_00414,TRUCK_008,2025-10-16T21:39:07Z,98,66.55890158402524,102,876,297305
SCANIA_M_00415,TRUCK_043,2025-10-21T11:47:07Z,90,75.16523952224465,84,930,275786
SCANIA_M_00416,TRUCK_048,2025-10-19T05:50:07Z,94,67.2531497610057,59,2093,232699
SCANIA_M_00417,TRUCK_025,2025-10-20T12:13:07Z,71,24.698066817427346,22,1115,131629
SCANIA_M_00418,TRUCK_011,2025-10-15T05:19:07Z,72,65.04934188470035,16,1067,60693
SCANIA_M_00419,TRUCK_007,2025-10-15T09:40:07Z,90,14.958790270504743,109,818,129368
SCANIA_M_00420,TRUCK_043,2025-10-18T12:53:07Z,82,12.723268644216775,118,1435,288386
SCANIA_M_00421,TRUCK_028,2025-10-18T16:47:07Z,78,87.28550097830222,86,893,333210
SCANIA_M_00422,TRUCK_046,2025-10-16T11:16:07Z,77,58.585791982690246,77,909,196655
SCANIA_M_00423,TRUCK_044,2025-10-20T09:32:07Z,71,88.67850579322705,72,1170,91852
SCANIA_M_00424,TRUCK_002,2025-10-17T13:49:07Z,102,92.37986606194718,105,1972,87276
SCANIA_M_00425,TRUCK_019,2025-10-16T16:06:07Z,76,65.4556127415259,110,1084,101398
SCANIA_M_00426,TRUCK_008,2025-10-16T23:20:07Z,96,51.26985492781856,37,2115,242210
SCANIA_M_00427,TRUCK_018,2025-10-19T12:47:07Z,104,24.240188421906872,18,1326,276001
SCANIA_M_00428,TRUCK_025,2025-10-17T17:34:07Z,85,50.44577108306791,44,1300,106948
SCANIA_M_00429,TRUCK_019,2025-10-16T20:03:07Z,86,60.43261162942462,105,1298,270805
SCANIA_M_00430,TRUCK_016,2025-10-18T19:46:07Z,78,95.92675150650803,44,2183,274903
SCANIA_M_00431,TRUCK_003,2025-10-14T08:25:07Z,91,21.94276555377632,84,1646,407003
SCANIA_M_00432,TRUCK_048,2025-10-19T20:50:07Z,96,92.0463595325521,109,946,490678
SCANIA_M_00433,TRUCK_021,2025-10-15T00:16:07Z,90,19.604398885842684,79,1962,142280
SCANIA_M_00434,TRUCK_005,2025-10-16T13:27:07Z,89,12.93587198616256,92,1642,203381
SCANIA_M_00435,TRUCK_031,2025-10-16T17:41:07Z,80,41.475542413806934,77,1760,239535
SCANIA_M_00436,TRUCK_049,2025-10-15T17:11:07Z,104,30.89538352761937,71,911,287624
SCANIA_M_00437,TRUCK_025,2025-10-20T04:34:07Z,104,72.9026751867365,114,1916,221382
SCANIA_M_00438,TRUCK_011,2025-10-18T02:30:07Z,92,41.42199297040099,15,1643,165294
SCANIA_M_00439,TRUCK_025,2025-10-19T21:57:07Z,87,58.25233058973863,64,1681,417551
SCANIA_M_00440,TRUCK_049,2025-10-17T00:51:07Z,70,72.54240202961256,86,1230,83257
SCANIA_M_00441,TRUCK_011,2025-10-14T11:02:07Z,86,10.742197013307162,27,851,210885
SCANIA_M_00442,TRUCK_048,2025-10-19T11:56:07Z,88,61.73157323176281,58,2144,67917
SCANIA_M_00443,TRUCK_016,2025-10-15T05:41:07Z,84,39.75960448584114,56,825,382183
SCANIA_M_00444,TRUCK_004,2025-10-13T23:11:07Z,104,44.41884468479074,60,1617,345285
SCANIA_M_00445,TRUCK_007,2025-10-15T17:14:07Z,83,16.319045947672457,25,1283,433913
SCANIA_M_00446,TRUCK_034,2025-10-15T04:07:07Z,104,65.1263012212797,17,1686,285546
SCANIA_M_00447,TRUCK_023,2025-10-16T07:52:07Z,77,44.3200037891785,81,1065,318913
SCANIA_M_00448,TRUCK_032,2025-10-20T07:01:07Z,84,77.85427280238262,72,1961,188754
SCANIA_M_00449,TRUCK_045,2025-10-20T11:15:07Z,89,37.218126403824314,18,1068,322289
SCANIA_M_00450,TRUCK_020,2025-10-13T19:50:07Z,85,94.7441402753526,73,1534,185524
SCANIA_M_00451,TRUCK_044,2025-10-13T14:19:07Z,72,89.66345448061121,91,2025,405944
SCANIA_M_00452,TRUCK_005,2025-10-19T20:06:07Z,82,73.62965695514121,26,1049,439893
SCANIA_M_00453,TRUCK_032,2025-10-16T21:28:07Z,102,88.72034912607336,35,1735,377425
SCANIA_M_00454,TRUCK_044,2025-10-15T18:34:07Z,71,70.71442036948064,90,1682,141252
SCANIA_M_00455,TRUCK_047,2025-10-17T01:01:07Z,70,42.52648649059063,4,2044,352218
SCANIA_M_00456,TRUCK_033,2025-10-17T18:55:07Z,73,39.27466027241196,63,1775,99376
SCANIA_M_00457,TRUCK_045,2025-10-16T05:26:07Z,98,33.90004461512379,112,1610,402247
SCANIA_M_00458,TRUCK_011,2025-10-15T08:43:07Z,96,92.65224611769509,85,822,388271
SCANIA_M_00459,TRUCK_050,2025-10-16T02:15:07Z,77,99.89516428495931,52,892,143874
SCANIA_M_00460,TRUCK_047,2025-10-19T22:59:07Z,103,24.83018234246512,45,1007,79942
SCANIA_M_00461,TRUCK_043,2025-10-15T16:31:07Z,77,81.47717091473112,9,1159,172892
SCANIA_M_00462,TRUCK_011,2025-10-14T07:17:07Z,93,18.395662547122956,91,819,323757
SCANIA_M_00463,TRUCK_009,2025-10-17T07:25:07Z,71,52.70788455312558,36,1598,476964
SCANIA_M_00464,TRUCK_007,2025-10-15T15:52:07Z,82,11.164532111751832,0,2031,227285
SCANIA_M_00465,TRUCK_037,2025-10-16T02:59:07Z,104,41.78046276852292,2,1016,229269
SCANIA_M_00466,TRUCK_007,2025-10-16T10:10:07Z,97,64.87896888632838,95,1612,373083
SCANIA_M_00467,TRUCK_037,2025-10-19T08:42:07Z,99,69.51971783203669,106,1468,404882
SCANIA_M_00468,TRUCK_035,2025-10-20T19:07:07Z,83,80.96427128837705,119,2190,337659
SCANIA_M_00469,TRUCK_011,2025-10-18T22:46:07Z,90,22.037181414869337,71,1477,54064
SCANIA_M_00470,TRUCK_025,2025-10-20T16:38:07Z,87,72.66293738369114,0,2055,124767
SCANIA_M_00471,TRUCK_028,2025-10-19T09:05:07Z,100,91.4835669194175,7,1507,97934
SCANIA_M_00472,TRUCK_030,2025-10-14T06:47:07Z,75,95.39654514998644,99,1901,82739
SCANIA_M_00473,TRUCK_042,2025-10-18T11:21:07Z,101,25.100216071653414,0,1508,227121
SCANIA_M_00474,TRUCK_037,2025-10-17T09:57:07Z,87,78.17209733901008,60,1671,386772
SCANIA_M_00475,TRUCK_016,2025-10-14T05:18:07Z,103,11.421964339713519,25,1234,264857
SCANIA_M_00476,TRUCK_018,2025-10-21T01:36:07Z,71,37.90041358105073,104,1738,372491
SCANIA_M_00477,TRUCK_023,2025-10-14T19:35:07Z,90,48.57503081326086,81,2045,86323
SCANIA_M_00478,TRUCK_006,2025-10-17T10:47:07Z,88,80.6199645168249,29,927,344956
SCANIA_M_00479,TRUCK_019,2025-10-17T13:02:07Z,77,75.13070049996035,70,1785,423731
SCANIA_M_00480,TRUCK_004,2025-10-14T06:42:07Z,102,95.06845191814303,99,963,202727
SCANIA_M_00481,TRUCK_048,2025-10-16T15:12:07Z,84,27.158055388483895,23,1910,121781
SCANIA_M_00482,TRUCK_015,2025-10-13T20:05:07Z,91,69.1130636703492,75,1494,201026
SCANIA_M_00483,TRUCK_032,2025-10-21T00:14:07Z,70,65.49295576049306,98,1325,335862
SCANIA_M_00484,TRUCK_047,2025-10-20T01:29:07Z,97,95.5187758674891,110,1667,370284
SCANIA_M_00485,TRUCK_001,2025-10-20T20:56:07Z,101,97.65614695552748,107,1167,268212
SCANIA_M_00486,TRUCK_039,2025-10-17T23:00:07Z,72,88.86711297723184,85,1749,140515
SCANIA_M_00487,TRUCK_040,2025-10-14T23:46:07Z,72,36.57310419239122,73,1612,420409
SCANIA_M_00488,TRUCK_016,2025-10-16T07:32:07Z,79,32.44806604364935,99,1675,146808
SCANIA_M_00489,TRUCK_047,2025-10-15T06:00:07Z,97,29.94966694328547,95,1420,423210
SCANIA_M_00490,TRUCK_024,2025-10-19T19:48:07Z,104,12.90479528155646,53,1866,346839
SCANIA_M_00491,TRUCK_008,2025-10-21T12:42:07Z,88,10.764588044793408,74,1259,496798
SCANIA_M_00492,TRUCK_025,2025-10-15T00:33:07Z,82,25.90470306961325,47,1143,308969
SCANIA_M_00493,TRUCK_009,2025-10-14T15:14:07Z,72,27.13708110416606,106,1129,57073
SCANIA_M_00494,TRUCK_028,2025-10-20T19:38:07Z,75,76.95831026197229,119,1898,499807
SCANIA_M_00495,TRUCK_011,2025-10-19T15:16:07Z,85,58.60131091783591,31,1437,170985
SCANIA_M_00496,TRUCK_005,2025-10-18T05:51:07Z,90,65.6903816356746,70,889,412186
SCANIA_M_00497,TRUCK_020,2025-10-14T21:09:07Z,77,37.34097331059945,15,838,340989
SCANIA_M_00498,TRUCK_021,2025-10-15T05:48:07Z,78,24.94291836920432,120,1277,380284
SCANIA_M_00499,TRUCK_047,2025-10-17T11:04:07Z,103,74.41392778466997,69,829,53812
SCANIA_M_00500,TRUCK_042,2025-10-19T22:00:07Z,94,99.0466123601091,16,1722,477059
SCANIA_M_00501,TRUCK_011,2025-10-14T05:46:07Z,84,66.53940911517469,5,2018,189384
SCANIA_M_00502,TRUCK_012,2025-10-17T11:05:07Z,85,39.36041706563903,96,1415,64628
SCANIA_M_00503,TRUCK_037,2025-10-13T18:21:07Z,99,63.08857258187996,96,1330,57098
SCANIA_M_00504,TRUCK_014,2025-10-18T06:37:07Z,98,41.71876583541758,77,1539,68442
SCANIA_M_00505,TRUCK_007,2025-10-17T15:54:07Z,70,10.873163651222537,75,2138,255697
SCANIA_M_00506,TRUCK_008,2025-10-14T11:54:07Z,77,17.853927448352195,96,927,300468
SCANIA_M_00507,TRUCK_049,2025-10-16T00:46:07Z,71,54.604169119900966,119,862,239520
SCANIA_M_00508,TRUCK_006,2025-10-20T04:28:07Z,78,97.89913240808191,81,1868,104393
SCANIA_M_00509,TRUCK_015,2025-10-18T04:52:07Z,90,20.431961590565017,98,1594,331432
SCANIA_M_00510,TRUCK_042,2025-10-15T04:29:07Z,78,25.952463618404465,44,1938,433420
SCANIA_M_00511,TRUCK_013,2025-10-19T21:50:07Z,82,57.18672937913539,56,1446,92982
SCANIA_M_00512,TRUCK_021,2025-10-15T06:27:07Z,91,90.24760857750158,117,1853,343107
SCANIA_M_00513,TRUCK_016,2025-10-18T04:03:07Z,77,24.92063867277534,52,1960,215907
SCANIA_M_00514,TRUCK_008,2025-10-20T12:07:07Z,102,74.74906924206982,110,1282,347527
SCANIA_M_00515,TRUCK_010,2025-10-21T05:40:07Z,85,19.479264020459762,9,1132,297178
SCANIA_M_00516,TRUCK_012,2025-10-14T16:02:07Z,99,81.71951468052043,116,1719,414157
SCANIA_M_00517,TRUCK_012,2025-10-15T00:13:07Z,99,22.297730002362943,67,1959,465729
SCANIA_M_00518,TRUCK_015,2025-10-15T02:14:07Z,97,92.53532969012984,61,1382,413269
SCANIA_M_00519,TRUCK_010,2025-10-20T13:00:07Z,89,93.90972914491329,98,972,319888
SCANIA_M_00520,TRUCK_025,2025-10-14T23:09:07Z,89,41.97672889765526,76,947,484585
SCANIA_M_00521,TRUCK_017,2025-10-19T04:35:07Z,105,29.96429373945834,98,1155,427656
SCANIA_M_00522,TRUCK_003,2025-10-13T16:14:07Z,82,46.66014266249076,101,1652,436522
SCANIA_M_00523,TRUCK_043,2025-10-16T15:20:07Z,101,84.65199056819617,24,912,165543
SCANIA_M_00524,TRUCK_026,2025-10-15T01:10:07Z,79,16.674467609018475,95,996,118219
SCANIA_M_00525,TRUCK_022,2025-10-15T14:30:07Z,86,46.79765206798575,118,1645,440562
SCANIA_M_00526,TRUCK_041,2025-10-18T20:58:07Z,103,98.00853455016507,83,803,483730
SCANIA_M_00527,TRUCK_025,2025-10-15T08:06:07Z,89,58.00623547632526,93,1624,63594
SCANIA_M_00528,TRUCK_019,2025-10-21T12:28:07Z,91,75.78761194537547,107,1151,347004
SCANIA_M_00529,TRUCK_020,2025-10-18T06:01:07Z,80,36.512779334547105,115,1113,287119
SCANIA_M_00530,TRUCK_004,2025-10-21T02:11:07Z,91,27.02114721222132,117,1186,65653
SCANIA_M_00531,TRUCK_049,2025-10-18T00:09:07Z,90,44.75738287675837,89,2124,83545
SCANIA_M_00532,TRUCK_010,2025-10-19T16:18:07Z,83,13.653695001383214,97,1172,100140
SCANIA_M_00533,TRUCK_009,2025-10-17T17:57:07Z,89,56.28929360777911,15,1781,100266
SCANIA_M_00534,TRUCK_019,2025-10-17T22:11:07Z,97,55.45600345795883,13,970,110646
SCANIA_M_00535,TRUCK_035,2025-10-14T01:53:07Z,71,16.745605995657268,77,1274,143646
SCANIA_M_00536,TRUCK_020,2025-10-19T21:42:07Z,79,40.05287767847408,44,1501,433025
SCANIA_M_00537,TRUCK_015,2025-10-18T19:28:07Z,79,32.295156863841356,102,1599,480431
SCANIA_M_00538,TRUCK_047,2025-10-20T17:05:07Z,72,17.333107217493684,14,2065,281714
SCANIA_M_00539,TRUCK_039,2025-10-20T01:34:07Z,83,63.084037064109566,68,1522,409651
SCANIA_M_00540,TRUCK_045,2025-10-20T10:40:07Z,99,25.991888240100614,63,1483,341700
SCANIA_M_00541,TRUCK_043,2025-10-19T10:22:07Z,101,70.00851198012342,3,2139,431798
SCANIA_M_00542,TRUCK_009,2025-10-15T04:02:07Z,89,26.2393392435391,22,1558,101304
SCANIA_M_00543,TRUCK_032,2025-10-21T08:20:07Z,102,76.71116893610649,30,987,479411
SCANIA_M_00544,TRUCK_049,2025-10-15T12:30:07Z,71,49.28333719019543,65,1732,97937
SCANIA_M_00545,TRUCK_021,2025-10-18T10:47:07Z,101,77.12428423951833,97,1393,136242
SCANIA_M_00546,TRUCK_035,2025-10-17T19:23:07Z,88,94.60422811566795,92,2057,318221
SCANIA_M_00547,TRUCK_015,2025-10-14T09:26:07Z,100,83.94565742026744,77,2146,246220
SCANIA_M_00548,TRUCK_038,2025-10-21T09:07:07Z,89,44.06421990262884,18,851,430185
SCANIA_M_00549,TRUCK_039,2025-10-18T14:14:07Z,91,55.38798713432584,71,2071,190895
SCANIA_M_00550,TRUCK_014,2025-10-20T19:00:07Z,71,67.94664007863925,77,1570,62244
SCANIA_M_00551,TRUCK_015,2025-10-17T02:15:07Z,86,52.902650477841725,86,1583,243444
SCANIA_M_00552,TRUCK_015,2025-10-16T04:14:07Z,76,92.48645583928082,100,1125,210280
SCANIA_M_00553,TRUCK_013,2025-10-16T04:06:07Z,103,83.19838536872714,6,1585,119616
SCANIA_M_00554,TRUCK_005,2025-10-18T08:51:07Z,100,10.977905204449343,43,1282,113534
SCANIA_M_00555,TRUCK_029,2025-10-20T18:38:07Z,70,64.44947126135271,58,1301,194346
SCANIA_M_00556,TRUCK_012,2025-10-20T13:57:07Z,89,58.805922342557714,38,1791,122083
SCANIA_M_00557,TRUCK_041,2025-10-19T16:08:07Z,73,64.11544643395777,2,1013,176852
SCANIA_M_00558,TRUCK_039,2025-10-15T08:26:07Z,89,95.94677770109074,113,2070,149866
SCANIA_M_00559,TRUCK_043,2025-10-14T18:18:07Z,78,21.784418204897882,6,2173,357449
SCANIA_M_00560,TRUCK_025,2025-10-15T00:33:07Z,94,70.30067939009803,44,872,394870
SCANIA_M_00561,TRUCK_013,2025-10-21T11:57:07Z,80,66.28342700992206,59,820,381405
SCANIA_M_00562,TRUCK_036,2025-10-16T11:26:07Z,78,43.56896520872686,80,1031,110282
SCANIA_M_00563,TRUCK_028,2025-10-20T21:57:07Z,74,12.115080165525924,109,1368,51543
SCANIA_M_00564,TRUCK_034,2025-10-16T11:02:07Z,90,40.2629913605149,27,2130,437583
SCANIA_M_00565,TRUCK_039,2025-10-20T09:22:07Z,105,31.542419311918575,44,2011,211228
SCANIA_M_00566,TRUCK_022,2025-10-18T09:03:07Z,94,77.14770645807326,38,1703,57601
SCANIA_M_00567,TRUCK_038,2025-10-14T00:35:07Z,75,16.08520224974349,46,1860,127085
SCANIA_M_00568,TRUCK_033,2025-10-16T17:18:07Z,71,90.05601327999851,69,1332,477866
SCANIA_M_00569,TRUCK_012,2025-10-19T23:05:07Z,80,37.34419491192675,43,2155,295514
SCANIA_M_00570,TRUCK_009,2025-10-16T06:57:07Z,71,25.842081372874254,24,2135,69536
SCANIA_M_00571,TRUCK_031,2025-10-17T05:13:07Z,100,15.751663320198226,83,2181,310021
SCANIA_M_00572,TRUCK_024,2025-10-21T09:12:07Z,77,33.207000268719725,110,1079,144293
SCANIA_M_00573,TRUCK_007,2025-10-19T18:20:07Z,96,82.49286151264874,107,1760,125062
SCANIA_M_00574,TRUCK_033,2025-10-21T07:38:07Z,77,21.178312746998866,108,1857,238326
SCANIA_M_00575,TRUCK_038,2025-10-16T00:49:07Z,78,81.120784285899,20,1882,329775
SCANIA_M_00576,TRUCK_050,2025-10-17T13:44:07Z,86,85.37544814449781,117,1648,116617
SCANIA_M_00577,TRUCK_047,2025-10-18T18:56:07Z,84,75.29652395602247,92,2056,331844
SCANIA_M_00578,TRUCK_034,2025-10-20T21:35:07Z,104,14.334874261880046,30,1183,243378
SCANIA_M_00579,TRUCK_020,2025-10-15T00:54:07Z,82,59.91450987399286,43,1814,221775
SCANIA_M_00580,TRUCK_018,2025-10-20T03:45:07Z,73,83.47235387442895,34,2063,182381
SCANIA_M_00581,TRUCK_001,2025-10-17T21:08:07Z,83,56.62345218733187,68,1835,244723
SCANIA_M_00582,TRUCK_016,2025-10-17T10:05:07Z,98,57.52111660015926,105,1538,246431
SCANIA_M_00583,TRUCK_031,2025-10-13T18:45:07Z,70,22.83564871832676,69,1313,459857
SCANIA_M_00584,TRUCK_010,2025-10-15T00:57:07Z,86,95.88951119202325,74,1480,216053
SCANIA_M_00585,TRUCK_029,2025-10-21T02:45:07Z,81,17.465326701905003,3,1730,400822
SCANIA_M_00586,TRUCK_004,2025-10-18T13:55:07Z,96,71.417982108637,45,1234,403984
SCANIA_M_00587,TRUCK_020,2025-10-14T05:23:07Z,91,78.91573099415369,43,1975,493454
SCANIA_M_00588,TRUCK_037,2025-10-13T17:50:07Z,75,42.48409725719524,77,1524,250953
SCANIA_M_00589,TRUCK_018,2025-10-14T22:50:07Z,105,37.419859458094855,100,1514,70135
SCANIA_M_00590,TRUCK_030,2025-10-21T11:06:07Z,88,44.02084983862995,59,2080,240608
SCANIA_M_00591,TRUCK_005,2025-10-19T15:44:07Z,94,85.70398645953011,53,1513,330964
SCANIA_M_00592,TRUCK_010,2025-10-16T07:13:07Z,96,33.816324198602054,57,2040,186919
SCANIA_M_00593,TRUCK_044,2025-10-18T11:35:07Z,87,18.24089569510502,81,1574,487490
SCANIA_M_00594,TRUCK_023,2025-10-19T10:04:07Z,82,69.45478481785958,64,2046,396651
SCANIA_M_00595,TRUCK_042,2025-10-21T06:32:07Z,88,59.05173442606937,72,1807,321352
SCANIA_M_00596,TRUCK_022,2025-10-17T14:22:07Z,73,18.42386507343867,4,927,460288
SCANIA_M_00597,TRUCK_003,2025-10-16T21:04:07Z,102,80.91290339958034,39,1315,420057
SCANIA_M_00598,TRUCK_023,2025-10-14T06:57:07Z,96,85.9053137144327,106,1695,335092
SCANIA_M_00599,TRUCK_014,2025-10-17T17:12:07Z,79,85.14743491761334,11,1507,183174
SCANIA_M_00600,TRUCK_001,2025-10-13T22:47:07Z,103,46.273695573242804,24,2108,449121
SCANIA_M_00601,TRUCK_008,2025-10-20T16:44:07Z,97,30.830653664895042,84,1419,451153
SCANIA_M_00602,TRUCK_019,2025-10-16T18:26:07Z,86,39.96496447976922,95,1784,365337
SCANIA_M_00603,TRUCK_041,2025-10-18T23:34:07Z,82,71.20459817703801,85,1496,81820
SCANIA_M_00604,TRUCK_018,2025-10-14T10:15:07Z,93,10.545663323496013,86,1285,313487
SCANIA_M_00605,TRUCK_046,2025-10-17T15:34:07Z,100,34.32675727293987,20,1331,95060
SCANIA_M_00606,TRUCK_013,2025-10-21T12:11:07Z,77,14.314258807126993,85,1727,456379
SCANIA_M_00607,TRUCK_016,2025-10-13T16:24:07Z,87,67.99585523418426,16,1272,112988
SCANIA_M_00608,TRUCK_029,2025-10-17T00:37:07Z,100,59.84258778968658,61,2157,471276
SCANIA_M_00609,TRUCK_046,2025-10-15T01:14:07Z,98,99.95461965456069,112,1073,280455
SCANIA_M_00610,TRUCK_003,2025-10-17T02:09:07Z,85,18.755721099411414,57,1204,452390
SCANIA_M_00611,TRUCK_017,2025-10-13T16:16:07Z,94,46.01400534022024,25,2173,114880
SCANIA_M_00612,TRUCK_028,2025-10-17T10:26:07Z,74,95.33570060954473,10,1476,218180
SCANIA_M_00613,TRUCK_035,2025-10-15T06:47:07Z,90,19.093525712620234,39,1820,124429
SCANIA_M_00614,TRUCK_049,2025-10-19T07:50:07Z,82,12.62518182700933,35,2175,453499
SCANIA_M_00615,TRUCK_035,2025-10-19T01:52:07Z,81,38.52519129845192,119,1838,118639
SCANIA_M_00616,TRUCK_023,2025-10-14T12:58:07Z,83,39.114157513456064,104,1064,365569
SCANIA_M_00617,TRUCK_025,2025-10-15T10:51:07Z,73,11.298911173748882,76,870,296971
SCANIA_M_00618,TRUCK_033,2025-10-21T05:50:07Z,105,43.55155467966961,10,1455,62900
SCANIA_M_00619,TRUCK_007,2025-10-16T11:48:07Z,81,35.01704490737621,84,1555,186776
SCANIA_M_00620,TRUCK_017,2025-10-17T04:26:07Z,74,86.2268425928901,1,895,242687
SCANIA_M_00621,TRUCK_034,2025-10-19T09:48:07Z,105,66.06495089526413,1,1210,128490
SCANIA_M_00622,TRUCK_011,2025-10-18T02:43:07Z,102,63.0188308938165,35,1345,111659
SCANIA_M_00623,TRUCK_045,2025-10-19T18:49:07Z,100,68.43753475748963,71,1353,155598
SCANIA_M_00624,TRUCK_023,2025-10-14T20:23:07Z,96,81.35603856617378,60,2001,68824
SCANIA_M_00625,TRUCK_017,2025-10-18T01:32:07Z,98,84.77270653657803,56,1253,121365
SCANIA_M_00626,TRUCK_032,2025-10-18T22:51:07Z,97,58.03521233609265,95,880,146650
SCANIA_M_00627,TRUCK_011,2025-10-20T03:22:07Z,97,77.26992662967436,84,985,384350
SCANIA_M_00628,TRUCK_001,2025-10-20T14:54:07Z,79,53.60760404788173,34,1951,270683
SCANIA_M_00629,TRUCK_015,2025-10-15T02:28:07Z,85,69.92706361749585,92,1307,302308
SCANIA_M_00630,TRUCK_037,2025-10-18T17:34:07Z,98,17.719495782497667,47,1607,111684
SCANIA_M_00631,TRUCK_006,2025-10-18T04:20:07Z,94,83.21978348091338,28,1391,88066
SCANIA_M_00632,TRUCK_050,2025-10-15T08:06:07Z,92,66.76110820952846,111,1896,107809
SCANIA_M_00633,TRUCK_013,2025-10-18T05:44:07Z,103,73.11523200229456,111,2046,484696
SCANIA_M_00634,TRUCK_033,2025-10-20T10:05:07Z,76,12.89236270086982,80,2135,418716
SCANIA_M_00635,TRUCK_024,2025-10-15T00:52:07Z,105,97.26944660608852,83,802,402420
SCANIA_M_00636,TRUCK_038,2025-10-21T00:06:07Z,100,49.470207906178956,78,1180,358639
SCANIA_M_00637,TRUCK_020,2025-10-16T00:41:07Z,92,23.707271785359428,23,929,486724
SCANIA_M_00638,TRUCK_033,2025-10-21T13:19:07Z,82,35.25188142275699,36,857,125332
SCANIA_M_00639,TRUCK_038,2025-10-16T18:43:07Z,73,99.94556231818318,77,866,130365
SCANIA_M_00640,TRUCK_006,2025-10-20T21:44:07Z,103,10.99785793077518,86,936,453669
SCANIA_M_00641,TRUCK_032,2025-10-19T05:58:07Z,89,29.077820579304714,52,823,469910
SCANIA_M_00642,TRUCK_035,2025-10-18T06:52:07Z,90,99.53244825290164,116,937,309602
SCANIA_M_00643,TRUCK_018,2025-10-18T09:56:07Z,80,92.60300743327458,46,1186,391830
SCANIA_M_00644,TRUCK_026,2025-10-17T21:57:07Z,83,72.15345080440733,38,979,235244
SCANIA_M_00645,TRUCK_042,2025-10-15T21:14:07Z,83,94.31384774194218,89,1115,378420
SCANIA_M_00646,TRUCK_034,2025-10-14T19:49:07Z,102,45.49487635486359,101,1851,116258
SCANIA_M_00647,TRUCK_043,2025-10-17T16:38:07Z,92,90.09815495011769,34,1093,204988
SCANIA_M_00648,TRUCK_019,2025-10-20T06:20:07Z,94,28.024131688949517,34,2042,403398
SCANIA_M_00649,TRUCK_023,2025-10-20T12:31:07Z,86,57.148888548532355,10,2049,497144
SCANIA_M_00650,TRUCK_007,2025-10-20T18:23:07Z,90,13.048415539815082,80,1843,193992
SCANIA_M_00651,TRUCK_009,2025-10-20T06:43:07Z,71,21.172382987245925,37,1917,391709
SCANIA_M_00652,TRUCK_034,2025-10-15T14:12:07Z,79,54.51511757673102,110,1755,328056
SCANIA_M_00653,TRUCK_002,2025-10-20T09:50:07Z,101,99.42692317858699,23,2108,316682
SCANIA_M_00654,TRUCK_002,2025-10-16T10:22:07Z,73,42.389777583876395,108,1208,167375
SCANIA_M_00655,TRUCK_019,2025-10-16T07:52:07Z,100,60.78154163105787,11,1107,93131
SCANIA_M_00656,TRUCK_022,2025-10-21T04:29:07Z,88,53.53306114070678,80,1969,472223
SCANIA_M_00657,TRUCK_005,2025-10-13T18:36:07Z,71,70.9658166221939,80,1837,127544
SCANIA_M_00658,TRUCK_034,2025-10-14T23:04:07Z,88,46.38735945473082,96,1577,413455
SCANIA_M_00659,TRUCK_015,2025-10-14T04:42:07Z,76,77.06098887454795,62,1013,182716
SCANIA_M_00660,TRUCK_004,2025-10-13T18:26:07Z,102,60.7344495831247,28,1951,101306
SCANIA_M_00661,TRUCK_049,2025-10-21T11:59:07Z,70,85.13052958477996,79,1478,59046
SCANIA_M_00662,TRUCK_009,2025-10-17T08:09:07Z,95,48.815304570662576,66,1521,224847
SCANIA_M_00663,TRUCK_044,2025-10-13T15:34:07Z,90,12.696066267362744,39,909,316612
SCANIA_M_00664,TRUCK_003,2025-10-19T11:10:07Z,80,76.37672424348699,54,837,496566
SCANIA_M_00665,TRUCK_036,2025-10-20T09:54:07Z,87,34.86254331681182,7,1808,161142
SCANIA_M_00666,TRUCK_034,2025-10-17T05:09:07Z,76,92.78370002684326,16,974,270943
SCANIA_M_00667,TRUCK_027,2025-10-18T19:09:07Z,99,38.62732997520635,66,1491,329058
SCANIA_M_00668,TRUCK_015,2025-10-17T13:45:07Z,102,69.86526969516576,65,1841,298728
SCANIA_M_00669,TRUCK_024,2025-10-14T10:19:07Z,74,76.55193703757358,80,2156,105764
SCANIA_M_00670,TRUCK_048,2025-10-16T14:18:07Z,97,20.828839373987527,49,1276,93992
SCANIA_M_00671,TRUCK_032,2025-10-20T16:55:07Z,70,13.830616541229631,113,1071,272897
SCANIA_M_00672,TRUCK_030,2025-10-13T22:12:07Z,101,40.82211014097617,50,1839,422190
SCANIA_M_00673,TRUCK_016,2025-10-14T05:36:07Z,88,84.2169159702074,12,1674,420545
SCANIA_M_00674,TRUCK_043,2025-10-15T01:47:07Z,85,56.40386540626238,90,1603,107535
SCANIA_M_00675,TRUCK_006,2025-10-20T12:58:07Z,95,69.25161072311046,78,1030,344238
SCANIA_M_00676,TRUCK_018,2025-10-16T10:26:07Z,100,83.24698034469567,99,1403,481717
SCANIA_M_00677,TRUCK_037,2025-10-17T03:56:07Z,93,86.37426177317721,100,1349,463126
SCANIA_M_00678,TRUCK_019,2025-10-17T09:42:07Z,71,57.5149039774434,19,1694,51574
SCANIA_M_00679,TRUCK_011,2025-10-21T11:07:07Z,75,72.68560948856742,3,1020,408971
SCANIA_M_00680,TRUCK_019,2025-10-19T20:32:07Z,90,82.10831831085295,79,1165,317262
SCANIA_M_00681,TRUCK_034,2025-10-16T15:46:07Z,100,12.881030955087942,31,1668,348013
SCANIA_M_00682,TRUCK_013,2025-10-19T18:48:07Z,91,27.549971770721722,61,1733,425838
SCANIA_M_00683,TRUCK_013,2025-10-15T07:45:07Z,95,50.84822882058778,54,2184,282062
SCANIA_M_00684,TRUCK_029,2025-10-16T11:09:07Z,78,75.21312217859979,51,1590,373901
SCANIA_M_00685,TRUCK_018,2025-10-15T18:58:07Z,78,12.703530974893935,83,1919,407037
SCANIA_M_00686,TRUCK_001,2025-10-16T11:06:07Z,92,12.14337595741568,106,1455,471077
SCANIA_M_00687,TRUCK_028,2025-10-15T06:30:07Z,80,26.305603325868756,78,1430,230610
SCANIA_M_00688,TRUCK_020,2025-10-13T23:32:07Z,86,86.81265004772249,93,1010,99830
SCANIA_M_00689,TRUCK_012,2025-10-14T03:40:07Z,85,48.07973006566665,82,818,322612
SCANIA_M_00690,TRUCK_037,2025-10-21T06:56:07Z,99,86.16367687568328,94,1419,138895
SCANIA_M_00691,TRUCK_038,2025-10-20T15:43:07Z,87,96.34927381074552,51,1346,73622
SCANIA_M_00692,TRUCK_001,2025-10-17T14:44:07Z,93,18.65294944381877,49,845,443223
SCANIA_M_00693,TRUCK_041,2025-10-19T18:37:07Z,86,72.76853382690663,16,1452,204191
SCANIA_M_00694,TRUCK_001,2025-10-19T10:48:07Z,100,62.272253430898154,6,1053,172254
SCANIA_M_00695,TRUCK_023,2025-10-20T14:59:07Z,98,52.94283592128895,1,1607,353760
SCANIA_M_00696,TRUCK_013,2025-10-16T08:43:07Z,98,43.30892573998922,56,2150,190728
SCANIA_M_00697,TRUCK_033,2025-10-18T12:23:07Z,93,21.923530839433134,1,2083,411679
SCANIA_M_00698,TRUCK_021,2025-10-16T17:27:07Z,87,40.56902436870739,76,1105,291062
SCANIA_M_00699,TRUCK_039,2025-10-20T02:33:07Z,101,31.38030699599577,9,1951,107832
SCANIA_M_00700,TRUCK_046,2025-10-21T12:11:07Z,87,31.809758729289946,95,1260,324655
SCANIA_M_00701,TRUCK_020,2025-10-14T00:34:07Z,101,31.689420274325695,31,2115,101460
SCANIA_M_00702,TRUCK_029,2025-10-21T06:13:07Z,92,96.22852976821012,81,1797,333751
SCANIA_M_00703,TRUCK_046,2025-10-20T16:19:07Z,103,44.44876493836181,92,1944,127632
SCANIA_M_00704,TRUCK_003,2025-10-18T05:35:07Z,81,85.56393707605083,101,2126,294215
SCANIA_M_00705,TRUCK_014,2025-10-20T06:57:07Z,91,93.11880278571097,38,1617,250595
SCANIA_M_00706,TRUCK_017,2025-10-16T04:52:07Z,84,57.314437162399464,29,1888,353460
SCANIA_M_00707,TRUCK_014,2025-10-15T17:35:07Z,82,76.80422556997009,46,2139,362269
SCANIA_M_00708,TRUCK_019,2025-10-14T13:20:07Z,77,17.441788905197985,33,1323,55638
SCANIA_M_00709,TRUCK_040,2025-10-19T20:01:07Z,101,68.48716078071256,81,939,453330
SCANIA_M_00710,TRUCK_019,2025-10-19T01:14:07Z,105,18.919576487834938,17,1361,255049
SCANIA_M_00711,TRUCK_028,2025-10-18T05:32:07Z,104,52.86882776193643,107,2193,273186
SCANIA_M_00712,TRUCK_022,2025-10-19T21:34:07Z,104,86.19928755021702,60,1980,85276
SCANIA_M_00713,TRUCK_037,2025-10-18T04:59:07Z,100,47.521158171118664,103,1418,399195
SCANIA_M_00714,TRUCK_018,2025-10-17T23:54:07Z,105,54.960704879093804,118,1263,173670
SCANIA_M_00715,TRUCK_049,2025-10-15T01:50:07Z,97,69.1610555999462,79,1156,50679
SCANIA_M_00716,TRUCK_001,2025-10-18T13:12:07Z,88,45.47473675946708,103,1705,410589
SCANIA_M_00717,TRUCK_047,2025-10-17T10:26:07Z,98,75.19129460766935,7,1966,97023
SCANIA_M_00718,TRUCK_027,2025-10-19T16:37:07Z,72,45.22590451933857,2,2032,342216
SCANIA_M_00719,TRUCK_010,2025-10-21T02:43:07Z,95,91.87991272544163,81,1403,385216
SCANIA_M_00720,TRUCK_008,2025-10-16T18:05:07Z,88,16.730689498393616,31,1742,211514
SCANIA_M_00721,TRUCK_008,2025-10-16T15:07:07Z,91,42.77648060614962,104,2130,384119
SCANIA_M_00722,TRUCK_003,2025-10-19T01:57:07Z,83,72.82024257458986,107,836,50240
SCANIA_M_00723,TRUCK_023,2025-10-19T17:52:07Z,78,37.65929126707014,23,2176,490154
SCANIA_M_00724,TRUCK_032,2025-10-14T01:56:07Z,105,29.361459107359337,53,989,380068
SCANIA_M_00725,TRUCK_048,2025-10-15T01:10:07Z,101,36.470526166557114,47,984,257193
SCANIA_M_00726,TRUCK_019,2025-10-19T08:27:07Z,82,13.235438207675626,106,1923,363072
SCANIA_M_00727,TRUCK_014,2025-10-19T23:16:07Z,88,98.40795838222812,86,1847,222040
SCANIA_M_00728,TRUCK_006,2025-10-14T07:29:07Z,97,41.395608760792385,5,1555,327316
SCANIA_M_00729,TRUCK_030,2025-10-18T13:38:07Z,84,73.80019828381687,43,1933,370454
SCANIA_M_00730,TRUCK_017,2025-10-15T06:45:07Z,88,99.59511534595923,113,1303,167251
SCANIA_M_00731,TRUCK_036,2025-10-21T12:42:07Z,90,38.88341246651402,95,1007,130498
SCANIA_M_00732,TRUCK_045,2025-10-20T14:30:07Z,100,15.67940312909489,7,1149,386340
SCANIA_M_00733,TRUCK_028,2025-10-19T07:36:07Z,105,90.72475490187192,88,2027,424155
SCANIA_M_00734,TRUCK_046,2025-10-21T12:28:07Z,75,45.84893813414274,45,1672,352117
SCANIA_M_00735,TRUCK_012,2025-10-21T03:09:07Z,73,61.44983079452928,92,1507,324559
SCANIA_M_00736,TRUCK_008,2025-10-15T02:36:07Z,103,16.904064621089276,24,1630,315292
SCANIA_M_00737,TRUCK_049,2025-10-18T17:24:07Z,77,13.95411943708162,6,1639,436997
SCANIA_M_00738,TRUCK_001,2025-10-16T12:00:07Z,76,52.98159632230174,111,2112,479061
SCANIA_M_00739,TRUCK_001,2025-10-16T16:48:07Z,79,50.21429461443479,50,1936,366238
SCANIA_M_00740,TRUCK_036,2025-10-16T09:06:07Z,80,31.75152678331611,5,1137,316792
SCANIA_M_00741,TRUCK_015,2025-10-17T17:42:07Z,78,57.13436630391446,59,1757,328837
SCANIA_M_00742,TRUCK_013,2025-10-19T11:38:07Z,89,77.33068086864431,64,1414,158068
SCANIA_M_00743,TRUCK_030,2025-10-17T14:18:07Z,84,53.906139349499526,114,1877,424664
SCANIA_M_00744,TRUCK_015,2025-10-13T23:58:07Z,105,23.797663433061444,53,1581,219884
SCANIA_M_00745,TRUCK_042,2025-10-16T14:45:07Z,88,53.785153044992896,105,1798,386707
SCANIA_M_00746,TRUCK_045,2025-10-20T19:30:07Z,104,17.47111248278436,119,1945,223801
SCANIA_M_00747,TRUCK_003,2025-10-18T23:01:07Z,93,72.78867078514762,48,1998,199595
SCANIA_M_00748,TRUCK_039,2025-10-14T04:35:07Z,70,42.195054193577164,93,1290,457739
SCANIA_M_00749,TRUCK_040,2025-10-17T15:27:07Z,92,39.135276499616694,85,1043,126188
SCANIA_M_00750,TRUCK_001,2025-10-21T07:07:07Z,78,88.70504352011375,110,1907,349574
SCANIA_M_00751,TRUCK_047,2025-10-17T01:08:07Z,84,94.63076075119842,57,1759,189694
SCANIA_M_00752,TRUCK_003,2025-10-18T21:22:07Z,98,20.929891548954497,30,1798,391279
SCANIA_M_00753,TRUCK_013,2025-10-16T06:11:07Z,74,45.10514644288498,66,1385,74570
SCANIA_M_00754,TRUCK_001,2025-10-19T01:02:07Z,79,49.40952639394403,90,1987,187324
SCANIA_M_00755,TRUCK_036,2025-10-16T05:42:07Z,81,75.8939226997767,31,906,325272
SCANIA_M_00756,TRUCK_007,2025-10-18T02:54:07Z,84,70.9288671131493,86,1354,76931
SCANIA_M_00757,TRUCK_035,2025-10-16T06:50:07Z,96,90.34572358951894,44,1351,113779
SCANIA_M_00758,TRUCK_014,2025-10-20T03:30:07Z,88,89.4083125937577,77,1306,331765
SCANIA_M_00759,TRUCK_018,2025-10-17T05:05:07Z,78,10.232412361887617,15,1944,408605
SCANIA_M_00760,TRUCK_023,2025-10-20T14:57:07Z,70,96.64879771623104,68,1385,397288
SCANIA_M_00761,TRUCK_028,2025-10-13T14:57:07Z,94,66.40367786876367,119,1023,303910
SCANIA_M_00762,TRUCK_036,2025-10-14T21:06:07Z,100,85.32338702509998,98,1246,457722
SCANIA_M_00763,TRUCK_011,2025-10-14T07:54:07Z,89,23.274604767766625,26,1151,330950
SCANIA_M_00764,TRUCK_025,2025-10-20T07:53:07Z,77,72.81134658811231,43,1379,442656
SCANIA_M_00765,TRUCK_028,2025-10-20T02:36:07Z,72,37.36972290109411,67,1040,179832
SCANIA_M_00766,TRUCK_035,2025-10-15T06:50:07Z,90,94.10455393242027,109,1679,480062
SCANIA_M_00767,TRUCK_038,2025-10-16T02:56:07Z,96,11.396350655828376,5,2176,382267
SCANIA_M_00768,TRUCK_003,2025-10-19T18:50:07Z,74,23.156497045249726,66,2096,108624
SCANIA_M_00769,TRUCK_005,2025-10-17T23:16:07Z,85,24.90927802054243,56,941,298325
SCANIA_M_00770,TRUCK_033,2025-10-13T17:32:07Z,84,50.50042769487588,73,2077,387014
SCANIA_M_00771,TRUCK_005,2025-10-15T05:44:07Z,89,60.68741585772007,53,1650,208624
SCANIA_M_00772,TRUCK_017,2025-10-21T04:11:07Z,99,59.0812256595241,87,1571,316482
SCANIA_M_00773,TRUCK_037,2025-10-20T09:58:07Z,76,76.9165696279046,14,1231,309376
SCANIA_M_00774,TRUCK_039,2025-10-20T18:10:07Z,79,89.02272466933438,12,1081,170279
SCANIA_M_00775,TRUCK_040,2025-10-19T02:18:07Z,71,70.05077064900661,13,1086,400736
SCANIA_M_00776,TRUCK_006,2025-10-15T17:11:07Z,90,78.1766960308382,70,1246,396141
SCANIA_M_00777,TRUCK_024,2025-10-14T14:01:07Z,71,51.960412664446295,78,1053,373532
SCANIA_M_00778,TRUCK_025,2025-10-20T00:52:07Z,83,26.270869163687525,28,835,456509
SCANIA_M_00779,TRUCK_020,2025-10-19T19:59:07Z,93,43.738240576496935,46,1065,295759
SCANIA_M_00780,TRUCK_045,2025-10-13T15:59:07Z,79,96.5171104953885,55,1160,462986
SCANIA_M_00781,TRUCK_045,2025-10-21T09:39:07Z,93,42.59648596218919,113,2092,134681
SCANIA_M_00782,TRUCK_018,2025-10-16T15:26:07Z,79,70.3022963208231,69,2060,376840
SCANIA_M_00783,TRUCK_009,2025-10-20T14:04:07Z,80,62.60411920112632,13,2026,101474
SCANIA_M_00784,TRUCK_045,2025-10-15T04:45:07Z,98,87.14820536359451,66,2005,309996
SCANIA_M_00785,TRUCK_010,2025-10-15T15:04:07Z,89,22.925445628623194,94,2160,89309
SCANIA_M_00786,TRUCK_030,2025-10-19T20:46:07Z,88,90.1741977845434,38,1272,176350
SCANIA_M_00787,TRUCK_009,2025-10-19T06:04:07Z,103,90.30553960450158,116,992,371590
SCANIA_M_00788,TRUCK_024,2025-10-13T18:56:07Z,83,88.31378165000716,45,825,101165
SCANIA_M_00789,TRUCK_022,2025-10-17T14:37:07Z,73,30.12796911669875,115,1946,364116
SCANIA_M_00790,TRUCK_043,2025-10-17T07:11:07Z,100,15.459495903490973,81,1472,119519
SCANIA_M_00791,TRUCK_001,2025-10-15T08:30:07Z,80,24.42852735980169,54,939,398173
SCANIA_M_00792,TRUCK_038,2025-10-15T19:14:07Z,72,42.39565130679584,61,975,218200
SCANIA_M_00793,TRUCK_046,2025-10-15T12:15:07Z,88,13.858617706161475,95,2099,264469
SCANIA_M_00794,TRUCK_043,2025-10-21T12:01:07Z,92,79.47746122080565,87,1806,196901
SCANIA_M_00795,TRUCK_016,2025-10-17T08:52:07Z,79,59.472924800227325,94,915,53400
SCANIA_M_00796,TRUCK_004,2025-10-17T07:31:07Z,72,27.313735174729356,43,1559,337489
SCANIA_M_00797,TRUCK_046,2025-10-21T11:16:07Z,73,92.05483126822082,79,2017,451761
SCANIA_M_00798,TRUCK_001,2025-10-17T06:09:07Z,82,41.92274599078182,89,1814,352869
SCANIA_M_00799,TRUCK_017,2025-10-17T03:50:07Z,74,83.22442150056413,102,2008,93067
SCANIA_M_00800,TRUCK_018,2025-10-14T06:16:07Z,80,77.23511594510823,40,2102,272265
SCANIA_M_00801,TRUCK_004,2025-10-13T19:05:07Z,71,16.28345074387412,51,2153,222470
SCANIA_M_00802,TRUCK_049,2025-10-19T18:37:07Z,74,24.98073903030346,34,974,423051
SCANIA_M_00803,TRUCK_009,2025-10-19T13:23:07Z,86,74.03290349755933,100,1586,392737
SCANIA_M_00804,TRUCK_045,2025-10-16T19:01:07Z,99,94.68494548726619,82,1607,71620
SCANIA_M_00805,TRUCK_021,2025-10-16T19:38:07Z,105,55.10460999643276,54,1277,138271
SCANIA_M_00806,TRUCK_043,2025-10-18T16:39:07Z,95,69.65453775568594,98,2131,233963
SCANIA_M_00807,TRUCK_027,2025-10-17T23:45:07Z,70,10.629659338221634,78,1438,434778
SCANIA_M_00808,TRUCK_022,2025-10-18T10:38:07Z,85,25.687467261647377,69,1706,172377
SCANIA_M_00809,TRUCK_030,2025-10-17T11:01:07Z,84,26.250890587453664,88,1736,285999
SCANIA_M_00810,TRUCK_031,2025-10-20T02:48:07Z,79,84.33944178926133,92,1152,412547
SCANIA_M_00811,TRUCK_043,2025-10-17T21:03:07Z,99,98.52627309232709,32,1103,469567
SCANIA_M_00812,TRUCK_027,2025-10-19T00:28:07Z,92,48.45868799441107,0,1206,88131
SCANIA_M_00813,TRUCK_011,2025-10-19T07:20:07Z,90,27.85411630687504,82,1497,493056
SCANIA_M_00814,TRUCK_006,2025-10-14T18:22:07Z,85,89.21068050093966,93,1134,268286
SCANIA_M_00815,TRUCK_003,2025-10-17T01:22:07Z,90,57.4870202947106,39,1257,362605
SCANIA_M_00816,TRUCK_038,2025-10-15T05:47:07Z,97,81.26157625877582,82,934,235951
SCANIA_M_00817,TRUCK_043,2025-10-14T04:04:07Z,85,15.239751334536976,2,1388,398845
SCANIA_M_00818,TRUCK_021,2025-10-17T09:52:07Z,97,53.38297428088198,49,1825,78585
SCANIA_M_00819,TRUCK_039,2025-10-18T21:04:07Z,94,54.5894819768358,120,1734,389295
SCANIA_M_00820,TRUCK_017,2025-10-16T09:47:07Z,95,13.706880523222253,14,2177,130140
SCANIA_M_00821,TRUCK_011,2025-10-15T23:59:07Z,72,80.73364227359994,60,1090,323455
SCANIA_M_00822,TRUCK_049,2025-10-16T19:23:07Z,71,18.80321284341587,66,1576,497722
SCANIA_M_00823,TRUCK_037,2025-10-13T17:20:07Z,77,10.347170782391963,107,1748,286833
SCANIA_M_00824,TRUCK_004,2025-10-19T02:15:07Z,90,74.24100632490703,65,2081,299832
SCANIA_M_00825,TRUCK_014,2025-10-19T03:56:07Z,83,67.03445419693693,28,1044,213947
SCANIA_M_00826,TRUCK_010,2025-10-13T15:09:07Z,105,70.38489900537004,67,1563,154601
SCANIA_M_00827,TRUCK_038,2025-10-14T20:47:07Z,104,29.56025029396201,32,1707,399245
SCANIA_M_00828,TRUCK_005,2025-10-14T08:54:07Z,94,67.2052460453021,107,1750,96562
SCANIA_M_00829,TRUCK_025,2025-10-20T12:18:07Z,101,96.45509691813061,32,1331,200298
SCANIA_M_00830,TRUCK_013,2025-10-14T10:22:07Z,74,74.31359465542222,2,2176,499283
SCANIA_M_00831,TRUCK_049,2025-10-20T14:39:07Z,104,38.364180837472745,14,1832,417267
SCANIA_M_00832,TRUCK_003,2025-10-17T07:02:07Z,93,28.338191321095337,76,2014,190098
SCANIA_M_00833,TRUCK_046,2025-10-20T02:51:07Z,102,59.243315290705155,77,1776,349622
SCANIA_M_00834,TRUCK_012,2025-10-15T16:19:07Z,99,14.670133122937742,106,1824,108491
SCANIA_M_00835,TRUCK_044,2025-10-15T13:53:07Z,104,58.523943867950926,57,1505,83991
SCANIA_M_00836,TRUCK_012,2025-10-19T05:43:07Z,80,23.716312798420514,95,1495,123768
SCANIA_M_00837,TRUCK_044,2025-10-14T06:25:07Z,73,60.15234997340396,25,1595,123766
SCANIA_M_00838,TRUCK_011,2025-10-19T04:50:07Z,92,61.494729761893225,3,1239,368203
SCANIA_M_00839,TRUCK_038,2025-10-21T08:55:07Z,88,46.89551832014059,12,1716,477853
SCANIA_M_00840,TRUCK_026,2025-10-13T20:47:07Z,93,51.399760109101095,64,1884,379758
SCANIA_M_00841,TRUCK_003,2025-10-13T23:23:07Z,102,90.30100025974555,21,1799,95027
SCANIA_M_00842,TRUCK_030,2025-10-13T21:41:07Z,83,81.32174292339535,120,1636,162326
SCANIA_M_00843,TRUCK_047,2025-10-19T16:37:07Z,77,35.64584221423621,77,1535,493616
SCANIA_M_00844,TRUCK_003,2025-10-18T06:31:07Z,80,55.83210215153522,15,1997,304271
SCANIA_M_00845,TRUCK_044,2025-10-19T03:38:07Z,83,55.956134685430605,112,1891,106812
SCANIA_M_00846,TRUCK_026,2025-10-15T09:36:07Z,103,99.53622872802023,30,1488,224398
SCANIA_M_00847,TRUCK_029,2025-10-13T22:38:07Z,84,54.12468442532817,99,1044,395332
SCANIA_M_00848,TRUCK_005,2025-10-20T21:53:07Z,76,55.1114528321966,25,1083,258196
SCANIA_M_00849,TRUCK_017,2025-10-19T21:56:07Z,77,42.001506379385326,68,1038,493986
SCANIA_M_00850,TRUCK_046,2025-10-17T21:29:07Z,105,25.23813876970948,13,919,284351
SCANIA_M_00851,TRUCK_044,2025-10-14T13:01:07Z,75,25.36036972896495,88,2141,254776
SCANIA_M_00852,TRUCK_001,2025-10-17T20:34:07Z,76,80.47893362005026,42,816,285114
SCANIA_M_00853,TRUCK_024,2025-10-19T02:10:07Z,73,48.069925305442815,118,2156,89341
SCANIA_M_00854,TRUCK_047,2025-10-13T22:20:07Z,94,37.286225984032875,92,1024,146707
SCANIA_M_00855,TRUCK_020,2025-10-14T16:57:07Z,97,49.476020609397224,14,1533,257819
SCANIA_M_00856,TRUCK_016,2025-10-17T11:44:07Z,83,64.2581891116875,6,2055,390553
SCANIA_M_00857,TRUCK_042,2025-10-15T06:13:07Z,93,48.638219747608076,120,1534,335710
SCANIA_M_00858,TRUCK_030,2025-10-21T11:13:07Z,96,16.618478817854207,50,1383,349252
SCANIA_M_00859,TRUCK_041,2025-10-17T22:17:07Z,74,70.92755251663135,104,1251,315688
SCANIA_M_00860,TRUCK_004,2025-10-19T13:00:07Z,100,25.930202798515804,56,1162,298543
SCANIA_M_00861,TRUCK_047,2025-10-16T16:23:07Z,99,43.4295974036169,111,1185,480549
SCANIA_M_00862,TRUCK_016,2025-10-18T05:35:07Z,98,84.09933919582403,75,2109,331729
SCANIA_M_00863,TRUCK_013,2025-10-16T15:05:07Z,103,38.90395302198558,80,1286,347355
SCANIA_M_00864,TRUCK_047,2025-10-20T20:53:07Z,101,94.63954457037813,88,1065,212693
SCANIA_M_00865,TRUCK_006,2025-10-18T15:33:07Z,84,63.16067589436084,34,1776,165680
SCANIA_M_00866,TRUCK_043,2025-10-16T05:57:07Z,83,10.140313721586278,97,1188,304193
SCANIA_M_00867,TRUCK_007,2025-10-14T16:57:07Z,87,27.31689972395338,85,1061,436428
SCANIA_M_00868,TRUCK_036,2025-10-16T06:44:07Z,86,93.0771885934758,22,1454,87974
SCANIA_M_00869,TRUCK_041,2025-10-14T01:55:07Z,87,13.80948886364444,20,1253,150906
SCANIA_M_00870,TRUCK_043,2025-10-18T13:18:07Z,100,73.57182167557063,51,1155,222887
SCANIA_M_00871,TRUCK_045,2025-10-21T09:07:07Z,74,42.51665839285486,83,1421,420024
SCANIA_M_00872,TRUCK_035,2025-10-16T05:12:07Z,89,34.04877445142662,19,1189,392929
SCANIA_M_00873,TRUCK_001,2025-10-15T00:57:07Z,70,40.863618303704115,26,1043,154049
SCANIA_M_00874,TRUCK_036,2025-10-13T23:03:07Z,89,75.57151944510974,38,1262,498227
SCANIA_M_00875,TRUCK_035,2025-10-18T23:14:07Z,100,86.12155442219644,119,1893,275952
SCANIA_M_00876,TRUCK_031,2025-10-18T01:32:07Z,97,95.6479309395469,72,1200,131921
SCANIA_M_00877,TRUCK_050,2025-10-16T08:44:07Z,97,30.025966920274602,94,1012,158798
SCANIA_M_00878,TRUCK_027,2025-10-19T00:31:07Z,82,20.224827300439188,103,1990,150041
SCANIA_M_00879,TRUCK_049,2025-10-18T14:12:07Z,85,74.86222897967112,20,2029,337860
SCANIA_M_00880,TRUCK_023,2025-10-16T13:27:07Z,75,23.072193109326847,78,1503,419873
SCANIA_M_00881,TRUCK_035,2025-10-15T14:49:07Z,84,78.56821211312364,30,2088,451043
SCANIA_M_00882,TRUCK_012,2025-10-16T03:05:07Z,98,37.928311946124225,70,2120,93743
SCANIA_M_00883,TRUCK_030,2025-10-17T13:11:07Z,76,89.50459741473067,70,918,460388
SCANIA_M_00884,TRUCK_016,2025-10-17T16:27:07Z,74,61.17199046656339,99,1942,206550
SCANIA_M_00885,TRUCK_050,2025-10-15T02:55:07Z,71,38.105168930188654,27,1863,58145
SCANIA_M_00886,TRUCK_025,2025-10-18T05:52:07Z,71,61.02840633625478,95,1564,319744
SCANIA_M_00887,TRUCK_005,2025-10-17T12:20:07Z,73,67.0195063204815,98,1690,446595
SCANIA_M_00888,TRUCK_040,2025-10-20T00:06:07Z,70,88.6091553576685,48,2019,407720
SCANIA_M_00889,TRUCK_002,2025-10-13T13:58:07Z,91,67.94042479470392,56,1681,97982
SCANIA_M_00890,TRUCK_002,2025-10-14T20:24:07Z,99,36.122148508654476,38,1936,71558
SCANIA_M_00891,TRUCK_001,2025-10-17T16:15:07Z,86,51.70286786558701,21,1717,94853
SCANIA_M_00892,TRUCK_019,2025-10-15T00:24:07Z,75,64.40450579174399,40,1956,483424
SCANIA_M_00893,TRUCK_008,2025-10-13T21:04:07Z,87,35.69481932109173,106,1786,156487
SCANIA_M_00894,TRUCK_034,2025-10-21T11:13:07Z,77,43.865282352950274,18,1448,450123
SCANIA_M_00895,TRUCK_043,2025-10-18T05:43:07Z,75,69.28307077482577,102,2069,298549
SCANIA_M_00896,TRUCK_034,2025-10-15T04:29:07Z,89,57.376497357621346,65,1804,162678
SCANIA_M_00897,TRUCK_032,2025-10-15T05:23:07Z,93,95.38409030089602,11,1284,149312
SCANIA_M_00898,TRUCK_024,2025-10-16T20:38:07Z,72,84.90468354541095,61,1930,355816
SCANIA_M_00899,TRUCK_022,2025-10-20T12:10:07Z,70,11.860607471399288,88,2055,123690
SCANIA_M_00900,TRUCK_013,2025-10-16T02:05:07Z,72,30.27110168434165,42,1643,490347
SCANIA_M_00901,TRUCK_004,2025-10-14T02:39:07Z,99,39.96067722188832,21,1648,140702
SCANIA_M_00902,TRUCK_013,2025-10-20T11:55:07Z,79,56.82815777766539,76,1692,263878
SCANIA_M_00903,TRUCK_028,2025-10-19T04:23:07Z,76,81.91545953915846,28,871,252801
SCANIA_M_00904,TRUCK_010,2025-10-18T23:38:07Z,94,56.43594807056376,69,1615,427191
SCANIA_M_00905,TRUCK_016,2025-10-19T01:02:07Z,98,38.009152877155685,55,1833,490904
SCANIA_M_00906,TRUCK_007,2025-10-17T03:18:07Z,92,90.48089526378436,37,1735,436886
SCANIA_M_00907,TRUCK_022,2025-10-19T21:22:07Z,91,99.30494108218802,43,1362,308042
SCANIA_M_00908,TRUCK_019,2025-10-21T10:25:07Z,103,64.98782665654991,60,1448,269508
SCANIA_M_00909,TRUCK_039,2025-10-16T22:44:07Z,72,18.05921255965214,43,1732,375415
SCANIA_M_00910,TRUCK_018,2025-10-15T07:44:07Z,74,47.543033062786265,0,1155,338658
SCANIA_M_00911,TRUCK_048,2025-10-17T11:37:07Z,73,61.19133310181648,44,1499,478014
SCANIA_M_00912,TRUCK_031,2025-10-14T13:57:07Z,102,12.730208159898277,33,1814,359222
SCANIA_M_00913,TRUCK_044,2025-10-15T22:07:07Z,92,66.87024654529675,3,1578,362765
SCANIA_M_00914,TRUCK_031,2025-10-18T15:18:07Z,100,28.940364926228344,26,832,78048
SCANIA_M_00915,TRUCK_038,2025-10-17T07:39:07Z,105,10.516223166397126,34,1354,211911
SCANIA_M_00916,TRUCK_034,2025-10-14T03:25:07Z,76,68.55987378451792,31,865,326855
SCANIA_M_00917,TRUCK_008,2025-10-15T12:54:07Z,101,68.15527173508391,67,818,229227
SCANIA_M_00918,TRUCK_016,2025-10-14T06:43:07Z,82,93.24211027157628,86,1104,362138
SCANIA_M_00919,TRUCK_013,2025-10-16T06:14:07Z,83,15.705464957523517,63,1266,173928
SCANIA_M_00920,TRUCK_018,2025-10-17T14:18:07Z,79,96.33298775780986,41,1222,66099
SCANIA_M_00921,TRUCK_050,2025-10-17T16:41:07Z,76,15.181240629591342,106,1340,385526
SCANIA_M_00922,TRUCK_005,2025-10-13T18:24:07Z,88,75.31232255186265,12,847,162241
SCANIA_M_00923,TRUCK_022,2025-10-14T21:39:07Z,100,52.22159898538705,105,1318,260177
SCANIA_M_00924,TRUCK_028,2025-10-17T06:30:07Z,85,12.523196500050254,92,2104,260636
SCANIA_M_00925,TRUCK_049,2025-10-20T02:24:07Z,96,35.771609101282124,89,912,68888
SCANIA_M_00926,TRUCK_047,2025-10-14T12:30:07Z,96,90.98710579491262,72,1555,412439
SCANIA_M_00927,TRUCK_045,2025-10-15T10:25:07Z,79,23.9027597683271,54,900,262591
SCANIA_M_00928,TRUCK_050,2025-10-14T19:17:07Z,102,20.157634748140683,44,1610,381695
SCANIA_M_00929,TRUCK_008,2025-10-16T01:16:07Z,98,96.42916874719924,58,1715,172049
SCANIA_M_00930,TRUCK_017,2025-10-16T19:58:07Z,97,69.79620991678826,105,1441,467075
SCANIA_M_00931,TRUCK_026,2025-10-21T01:12:07Z,75,46.80395790683236,12,1839,470596
SCANIA_M_00932,TRUCK_039,2025-10-14T20:01:07Z,74,90.17962918048607,106,1667,489502
SCANIA_M_00933,TRUCK_006,2025-10-14T07:16:07Z,71,99.47367670969541,85,1027,233898
SCANIA_M_00934,TRUCK_033,2025-10-21T12:21:07Z,77,65.34254472623581,56,1972,301531
SCANIA_M_00935,TRUCK_027,2025-10-17T00:41:07Z,104,18.38941318008154,107,1464,104255
SCANIA_M_00936,TRUCK_041,2025-10-20T22:22:07Z,72,98.73795170594204,113,1901,319162
SCANIA_M_00937,TRUCK_041,2025-10-21T01:34:07Z,97,95.69727726230857,62,1715,436664
SCANIA_M_00938,TRUCK_048,2025-10-20T16:35:07Z,72,16.31210809150742,89,824,373071
SCANIA_M_00939,TRUCK_036,2025-10-13T20:24:07Z,80,46.93925943941375,47,1196,115279
SCANIA_M_00940,TRUCK_032,2025-10-13T20:17:07Z,93,31.58563137635584,103,865,499364
SCANIA_M_00941,TRUCK_005,2025-10-16T08:01:07Z,86,55.66515258955827,29,1825,372446
SCANIA_M_00942,TRUCK_004,2025-10-17T12:39:07Z,95,10.487988402343953,53,1364,217949
SCANIA_M_00943,TRUCK_022,2025-10-15T08:07:07Z,86,43.30269267900918,60,1769,437202
SCANIA_M_00944,TRUCK_002,2025-10-16T13:20:07Z,75,22.312786345327886,8,1942,480283
SCANIA_M_00945,TRUCK_022,2025-10-19T23:52:07Z,105,80.66418228280213,6,1611,315857
SCANIA_M_00946,TRUCK_006,2025-10-17T05:29:07Z,84,52.5001639232793,67,1737,485005
SCANIA_M_00947,TRUCK_034,2025-10-13T16:07:07Z,82,33.813321572391274,12,926,142728
SCANIA_M_00948,TRUCK_002,2025-10-18T15:17:07Z,102,14.19825029447405,9,1677,159479
SCANIA_M_00949,TRUCK_010,2025-10-14T11:07:07Z,75,66.27037748120848,54,1382,198487
SCANIA_M_00950,TRUCK_019,2025-10-13T20:59:07Z,70,77.94215345619418,92,2070,354744
SCANIA_M_00951,TRUCK_050,2025-10-16T14:51:07Z,101,20.82758383701757,6,1369,244963
SCANIA_M_00952,TRUCK_025,2025-10-15T16:17:07Z,80,27.21434155821912,93,1608,262995
SCANIA_M_00953,TRUCK_017,2025-10-19T18:01:07Z,93,91.5654863902059,21,1849,341202
SCANIA_M_00954,TRUCK_019,2025-10-16T11:44:07Z,92,57.90245702638234,28,1111,111444
SCANIA_M_00955,TRUCK_006,2025-10-14T01:08:07Z,92,13.226825571103262,6,1548,187988
SCANIA_M_00956,TRUCK_008,2025-10-17T22:43:07Z,85,68.21701030667427,34,1708,384578
SCANIA_M_00957,TRUCK_021,2025-10-19T22:02:07Z,105,59.875132845896424,117,1341,314465
SCANIA_M_00958,TRUCK_049,2025-10-15T09:48:07Z,84,36.32833454905587,88,1254,224626
SCANIA_M_00959,TRUCK_031,2025-10-18T07:01:07Z,79,80.38744230816249,106,1591,484708
SCANIA_M_00960,TRUCK_045,2025-10-15T11:46:07Z,79,98.04385393712921,30,1745,183618
SCANIA_M_00961,TRUCK_031,2025-10-19T03:46:07Z,77,20.879133742407557,25,1544,70121
SCANIA_M_00962,TRUCK_021,2025-10-18T03:19:07Z,82,56.37038977598742,79,1371,415818
SCANIA_M_00963,TRUCK_006,2025-10-20T06:09:07Z,92,29.8291839392489,39,971,422422
SCANIA_M_00964,TRUCK_017,2025-10-15T00:02:07Z,83,30.432685517743273,62,1240,244077
SCANIA_M_00965,TRUCK_020,2025-10-19T00:15:07Z,80,87.64899198702952,57,1813,119470
SCANIA_M_00966,TRUCK_018,2025-10-20T04:00:07Z,80,25.64445489802358,55,1313,132998
SCANIA_M_00967,TRUCK_039,2025-10-19T10:40:07Z,94,91.43900751649066,45,1135,291659
SCANIA_M_00968,TRUCK_016,2025-10-19T09:44:07Z,87,72.48718383420714,100,1246,404213
SCANIA_M_00969,TRUCK_034,2025-10-14T20:21:07Z,75,22.98233149055441,56,1923,195480
SCANIA_M_00970,TRUCK_010,2025-10-14T08:29:07Z,105,53.069936731045914,95,2196,305385
SCANIA_M_00971,TRUCK_005,2025-10-17T13:21:07Z,77,76.01552723397943,74,2155,123339
SCANIA_M_00972,TRUCK_041,2025-10-18T16:38:07Z,91,40.34829694696551,82,1564,449683
SCANIA_M_00973,TRUCK_046,2025-10-18T23:52:07Z,95,69.58603238129027,118,1804,476637
SCANIA_M_00974,TRUCK_039,2025-10-19T06:49:07Z,97,87.73072127602033,92,2189,60574
SCANIA_M_00975,TRUCK_043,2025-10-19T21:47:07Z,82,83.3179208796005,26,953,233360
SCANIA_M_00976,TRUCK_032,2025-10-19T17:46:07Z,104,75.31488299657393,82,1103,374235
SCANIA_M_00977,TRUCK_039,2025-10-18T13:55:07Z,77,23.53382980727701,7,2016,179062
SCANIA_M_00978,TRUCK_027,2025-10-16T02:19:07Z,100,77.86660300316566,70,948,144940
SCANIA_M_00979,TRUCK_003,2025-10-18T11:25:07Z,88,41.70622671022883,95,1187,398230
SCANIA_M_00980,TRUCK_043,2025-10-20T08:51:07Z,88,15.024867814928857,17,1504,354185
SCANIA_M_00981,TRUCK_034,2025-10-13T20:33:07Z,73,21.534431907643953,39,894,498479
SCANIA_M_00982,TRUCK_035,2025-10-17T08:05:07Z,71,35.7009041021297,119,853,383400
SCANIA_M_00983,TRUCK_040,2025-10-18T18:34:07Z,99,76.65636773534344,84,910,302988
SCANIA_M_00984,TRUCK_049,2025-10-18T07:17:07Z,84,41.501999367870226,8,1030,150381
SCANIA_M_00985,TRUCK_042,2025-10-14T09:27:07Z,78,16.67433742426318,22,1164,270792
SCANIA_M_00986,TRUCK_019,2025-10-17T15:48:07Z,78,81.08014811961831,18,1458,59282
SCANIA_M_00987,TRUCK_038,2025-10-20T12:54:07Z,101,93.51926675048544,39,1968,257229
SCANIA_M_00988,TRUCK_003,2025-10-14T03:56:07Z,87,45.17341823931391,113,1512,248013
SCANIA_M_00989,TRUCK_034,2025-10-18T20:03:07Z,85,25.95104098076861,69,2054,325689
SCANIA_M_00990,TRUCK_020,2025-10-21T01:02:07Z,70,23.68066198849821,3,1911,443035
SCANIA_M_00991,TRUCK_035,2025-10-21T09:55:07Z,97,18.98502174217368,26,2066,377407
SCANIA_M_00992,TRUCK_030,2025-10-16T07:51:07Z,77,85.9784069694713,50,991,458768
SCANIA_M_00993,TRUCK_002,2025-10-20T06:53:07Z,97,24.604288691991982,112,936,164455
SCANIA_M_00994,TRUCK_006,2025-10-16T09:35:07Z,91,39.10454505397958,64,814,359086
SCANIA_M_00995,TRUCK_050,2025-10-17T08:54:07Z,85,42.79640197990315,97,1877,477429
SCANIA_M_00996,TRUCK_008,2025-10-18T06:13:07Z,78,38.05480523738163,115,1841,85884
SCANIA_M_00997,TRUCK_032,2025-10-19T09:55:07Z,93,50.46004572126756,71,2165,377230
SCANIA_M_00998,TRUCK_026,2025-10-19T15:00:07Z,91,35.0391468970965,116,818,80197
SCANIA_M_00999,TRUCK_035,2025-10-15T04:33:07Z,72,93.99527091301454,56,1350,394724
SCANIA_M_01000,TRUCK_007,2025-10-21T13:09:07Z,87,51.66781850372217,108,1796,388854
